Building Description,Employee Type Description,Zip,Deduction Code,Job Start Date,Job Pay Rate,Yrs Svc
APH,BOOKKPR SCHOOL,33825,0.0,12/28/2007,30.778000000000002,13.167
SHS,BOOKKPR SCHOOL,33875,0.0,4/13/2020,22.671,0.833
LPH,BOOKKPR SCHOOL,33852,0.0,12/1/2014,19.993,6.167000000000001
TRANSPORTATION,BUS ATTENDANT,33852,2.0,9/7/1976,70.717,44.417
TRANSPORTATION,BUS ATTENDANT,33852,0.0,7/9/2007,22.914,13.583
TRANSPORTATION,BUS ATTENDANT,33870,2.0,3/4/2008,33.264,12.917
TRANSPORTATION,BUS ATTENDANT,33870,0.0,8/13/2018,25.555999999999997,2.5
TRANSPORTATION,BUS ATTENDANT,33870,0.0,12/18/2020,18.644000000000002,0.16699999999999998
TRANSPORTATION,BUS ATTENDANT,33870,2.0,12/18/2006,23.14,14.167
TRANSPORTATION,BUS ATTENDANT,33852,0.0,9/28/2007,37.766,13.417
TRANSPORTATION,BUS ATTENDANT,33870,2.0,10/8/2007,25.256,13.333
TRANSPORTATION,BUS ATTENDANT,33870,2.0,12/28/1992,27.445,28.166999999999998
TRANSPORTATION,BUS ATTENDANT,33825,0.0,8/14/2006,29.834,14.5
TRANSPORTATION,BUS ATTENDANT,33852,2.0,4/25/1997,62.603,23.833000000000002
TRANSPORTATION,BUS ATTENDANT,33852,2.0,5/8/2017,31.734,3.75
TRANSPORTATION,BUS ATTENDANT,33875,2.0,6/27/2005,36.708,15.667
TRANSPORTATION,BUS ATTENDANT,33825,0.0,5/11/2015,26.138,5.75
TRANSPORTATION,BUS ATTENDANT,33872,0.0,12/8/1994,25.991,26.166999999999998
TRANSPORTATION,BUS ATTENDANT,33870,2.0,6/27/2006,26.234,14.667
TRANSPORTATION,BUS ATTENDANT,33872,0.0,12/17/2020,18.644000000000002,0.16699999999999998
TRANSPORTATION,BUS ATTENDANT,33825,2.0,8/23/2004,44.178999999999995,16.5
TRANSPORTATION,BUS ATTENDANT,33872,0.0,7/16/2007,56.852,13.583
TRANSPORTATION,BUS ATTENDANT,33870,2.0,9/3/2019,20.072,1.4169999999999998
TRANSPORTATION,BUS ATTENDANT,33852,2.0,12/10/2018,56.97,2.167
TRANSPORTATION,BUS ATTENDANT,33852,0.0,6/2/2014,41.593,6.667000000000001
TRANSPORTATION,BUS ATTENDANT,33875,2.0,8/23/2005,23.384,15.5
TRANSPORTATION,BUS ATTENDANT,33825,0.0,10/21/2004,21.854,16.333
TRANSPORTATION,BUS OPERATOR,33875,2.0,6/8/2020,16.916,0.667
TRANSPORTATION,BUS OPERATOR,33852,0.0,11/25/2019,32.376,1.25
TRANSPORTATION,BUS OPERATOR,33852,2.0,5/20/1999,28.885,21.75
TRANSPORTATION,BUS OPERATOR,33825,0.0,3/10/2008,21.7,12.917
TRANSPORTATION,BUS OPERATOR,33852,0.0,10/3/2016,55.585,4.333
TRANSPORTATION,BUS OPERATOR,33862,2.0,6/22/1992,90.164,28.666999999999998
TRANSPORTATION,BUS OPERATOR,33870,2.0,6/11/2018,21.383000000000003,2.667
TRANSPORTATION,BUS OPERATOR,33825,2.0,8/14/2000,44.178999999999995,20.5
TRANSPORTATION,BUS OPERATOR,33852,2.0,5/9/2011,23.574,9.75
TRANSPORTATION,BUS OPERATOR,33870,2.0,11/15/2006,28.09,14.25
TRANSPORTATION,BUS OPERATOR,33841,0.0,12/17/2020,18.644000000000002,0.16699999999999998
TRANSPORTATION,BUS OPERATOR,33852,0.0,12/13/2010,52.083999999999996,10.167
TRANSPORTATION,BUS OPERATOR,33872,0.0,2/8/1993,32.705999999999996,28.0
TRANSPORTATION,BUS OPERATOR,33852,0.0,7/9/2018,27.3,2.583
TRANSPORTATION,BUS OPERATOR,33825,0.0,7/2/2003,25.555999999999997,17.583
TRANSPORTATION,BUS OPERATOR,33870,0.0,3/25/2019,20.462,1.9169999999999998
TRANSPORTATION,BUS OPERATOR,33825,0.0,1/12/2015,19.82,6.082999999999999
TRANSPORTATION,BUS OPERATOR,33870,2.0,1/14/2008,20.535,13.083
TRANSPORTATION,BUS OPERATOR,33875,2.0,1/8/2001,26.234,20.083
TRANSPORTATION,BUS OPERATOR,33875,2.0,11/12/2018,22.326999999999998,2.25
TRANSPORTATION,BUS OPERATOR,33890,0.0,10/14/2019,19.07,1.3330000000000002
TRANSPORTATION,BUS OPERATOR,33870,0.0,10/19/2020,42.865,0.33299999999999996
TRANSPORTATION,BUS OPERATOR,33852,0.0,11/9/2015,26.459,5.25
TRANSPORTATION,BUS OPERATOR,33870,0.0,7/10/2000,39.141,20.583000000000002
TRANSPORTATION,BUS OPERATOR,33852,2.0,11/3/1980,51.803999999999995,40.25
TRANSPORTATION,BUS OPERATOR,33825,2.0,3/8/1986,74.983,34.917
TRANSPORTATION,BUS OPERATOR,33852,0.0,10/10/2016,20.201,4.333
TRANSPORTATION,BUS OPERATOR,33852,2.0,2/9/2004,28.885,17.0
TRANSPORTATION,BUS OPERATOR,33870,2.0,2/11/1991,72.28,30.0
TRANSPORTATION,BUS OPERATOR,33870,0.0,12/13/2001,31.149,19.167
TRANSPORTATION,BUS OPERATOR,33870,0.0,8/30/2016,21.816999999999997,4.5
TRANSPORTATION,BUS OPERATOR,33870,0.0,11/12/2012,44.576,8.25
TRANSPORTATION,BUS OPERATOR,33870,2.0,9/15/2014,44.178999999999995,6.417000000000001
TRANSPORTATION,BUS OPERATOR,33852,0.0,8/18/2019,29.566999999999997,1.5
TRANSPORTATION,BUS OPERATOR,33872,0.0,1/20/1997,31.734,24.083000000000002
TRANSPORTATION,BUS OPERATOR,33872,2.0,7/3/2000,20.535,20.583000000000002
TRANSPORTATION,BUS OPERATOR,33825,0.0,2/25/1999,31.107,22.0
TRANSPORTATION,BUS OPERATOR,33876,2.0,3/5/2018,21.871,2.917
TRANSPORTATION,BUS OPERATOR,33870,0.0,3/12/2007,24.753,13.917
TRANSPORTATION,BUS OPERATOR,33870,2.0,5/24/2004,30.099,16.75
TRANSPORTATION,BUS OPERATOR,33875,0.0,3/14/2011,23.384,9.917
TRANSPORTATION,BUS OPERATOR,33872,0.0,4/11/2016,26.234,4.833
TRANSPORTATION,BUS OPERATOR,33825,2.0,8/10/2020,20.666999999999998,0.5
TRANSPORTATION,BUS OPERATOR,33852,2.0,3/17/1989,76.128,31.916999999999998
TRANSPORTATION,BUS OPERATOR,33852,0.0,6/12/2018,16.02,2.667
TRANSPORTATION,BUS OPERATOR,33825,0.0,1/11/1999,24.753,22.083000000000002
TRANSPORTATION,BUS OPERATOR,33870,2.0,1/29/2018,20.363,3.083
TRANSPORTATION,BUS OPERATOR,33852,0.0,8/24/1992,26.901,28.5
TRANSPORTATION,BUS OPERATOR,33876,0.0,7/9/2001,31.149,19.583
TRANSPORTATION,BUS OPERATOR,33870,0.0,3/5/2018,25.62,2.917
TRANSPORTATION,BUS OPERATOR,33852,2.0,2/10/2020,16.444000000000003,1.0
TRANSPORTATION,BUS OPERATOR,33876,0.0,11/2/2015,22.451,5.25
TRANSPORTATION,BUS OPERATOR,33825,2.0,11/12/2018,25.359,2.25
TRANSPORTATION,BUS OPERATOR,33825,2.0,7/9/1984,85.94,36.583
TRANSPORTATION,BUS OPERATOR,33825,0.0,3/26/2003,20.535,17.917
TRANSPORTATION,BUS OPERATOR,33873,2.0,11/11/2019,30.189,1.25
TRANSPORTATION,BUS OPERATOR,33852,0.0,12/10/2018,48.239,2.167
TRANSPORTATION,BUS OPERATOR,33852,0.0,1/7/2021,18.644000000000002,0.083
TRANSPORTATION,BUS OPERATOR,33825,2.0,9/15/2006,21.381999999999998,14.417
TRANSPORTATION,BUS OPERATOR,33870,0.0,11/9/2015,50.417,5.25
TRANSPORTATION,BUS OPERATOR,33852,0.0,8/29/2011,48.239,9.5
TRANSPORTATION,BUS OPERATOR,33870,0.0,10/3/2016,29.037,4.333
TRANSPORTATION,BUS OPERATOR,33852,2.0,12/10/2018,18.644000000000002,2.167
TRANSPORTATION,BUS OPERATOR,33875,0.0,5/19/2008,56.909,12.75
TRANSPORTATION,BUS OPERATOR,33872,2.0,9/1/2006,46.11600000000001,14.417
TRANSPORTATION,BUS OPERATOR,33825,0.0,12/5/2011,19.395,9.167
TRANSPORTATION,BUS OPERATOR,33870,2.0,5/14/2018,22.451,2.75
TRANSPORTATION,BUS OPERATOR,33872,2.0,10/4/2016,38.506,4.333
TRANSPORTATION,BUS OPERATOR,33875,0.0,9/22/2014,20.250999999999998,6.417000000000001
TRANSPORTATION,BUS OPERATOR,33852,2.0,4/11/2016,36.673,4.833
TRANSPORTATION,BUS OPERATOR,33875,2.0,6/4/1984,38.062,36.667
TRANSPORTATION,BUS OPERATOR,33852,0.0,7/12/1999,29.834,21.583000000000002
TRANSPORTATION,BUS OPERATOR,33890,2.0,1/5/2004,22.914,17.083
TRANSPORTATION,BUS OPERATOR,33870,2.0,6/12/2018,18.471,2.667
TRANSPORTATION,BUS OPERATOR,33852,0.0,3/9/2015,26.362,5.917000000000001
TRANSPORTATION,BUS OPERATOR,33852,0.0,12/29/2015,54.729,5.167000000000001
TRANSPORTATION,BUS OPERATOR,33876,2.0,5/13/2019,18.846,1.75
TRANSPORTATION,BUS OPERATOR,33852,0.0,8/1/2020,31.25,0.5
TRANSPORTATION,BUS OPERATOR,33871,2.0,9/23/2011,62.603,9.417
TRANSPORTATION,BUS OPERATOR,33825,2.0,7/10/2017,24.985,3.583
TRANSPORTATION,BUS OPERATOR,33872,0.0,2/7/2018,21.503,3.0
TRANSPORTATION,BUS OPERATOR,33852,0.0,6/18/2018,20.778000000000002,2.667
TRANSPORTATION,BUS OPERATOR,33825,2.0,2/11/2008,22.261999999999997,13.0
TRANSPORTATION,BUS OPERATOR,33826,2.0,3/12/2007,24.753,13.917
TRANSPORTATION,BUS OPERATOR,33852,0.0,7/13/2020,22.671,0.583
APH,CLERK 10 MONTHS,33870,2.0,8/13/2018,19.82,2.5
ACADEMY YCL,CLERK 10 MONTHS,33870,0.0,10/30/1988,38.894,32.333
PES,CLERK 10 MONTHS,33825,0.0,10/13/2008,44.178999999999995,12.333
SHS,CLERK 10 MONTHS,33852,2.0,3/9/2009,22.671,11.917
FWE,CLERK 10 MONTHS,33870,2.0,4/26/2005,56.852,15.833
SNL,CLERK 10 MONTHS,33870,0.0,6/30/2014,31.734,6.667000000000001
AES,CLERK 10 MONTHS,33825,0.0,10/30/2001,23.14,19.333
APM,CLERK 10 MONTHS,33825,0.0,8/13/2018,20.024,2.5
MES,CLERK 10 MONTHS,33825,0.0,3/10/2008,23.384,12.917
LPE,CLERK 10 MONTHS,33960,0.0,1/7/2009,26.138,12.083
LPM,CLERK 10 MONTHS,33852,0.0,11/7/2016,23.574,4.25
SHS,CLERK 10 MONTHS,33872,0.0,11/23/1981,59.693999999999996,39.25
SHS,CLERK 10 MONTHS,33852,0.0,1/12/2009,132.108,12.083
APH,CLERK 10 MONTHS,33825,2.0,4/20/2015,26.138,5.832999999999999
CTE,CLERK 10 MONTHS,33872,0.0,6/11/2001,29.834,19.667
SHS,CLERK 10 MONTHS,33872,0.0,11/3/2015,66.23100000000001,5.25
HGM,CLERK 10 MONTHS,33876,0.0,3/27/2020,14.53,0.917
LPE,CLERK 10 MONTHS,33852,0.0,8/11/2014,21.583000000000002,6.5
AES,CLERK 10 MONTHS,33826,0.0,2/1/2016,29.357,5.0
SHS,CLERK 10 MONTHS,33876,0.0,7/22/2011,26.586,9.583
LCE,CLERK 10 MONTHS,33857,0.0,8/11/2016,23.998,4.5
LCE,CLERK 10 MONTHS,33852,0.0,11/27/1989,49.148999999999994,31.25
SNL,CLERK 10 MONTHS,33825,0.0,1/8/2018,20.561999999999998,3.083
WES,CLERK 10 MONTHS,33875,0.0,1/4/2021,28.151999999999997,0.083
SMS,CLERK 10 MONTHS,33875,0.0,11/16/2020,42.865,0.25
PES,CLERK 10 MONTHS,33825,0.0,4/8/1996,26.586,24.833000000000002
SHS,CLERK 10 MONTHS,33870,0.0,3/12/2007,26.234,13.917
APH,CLERK 10 MONTHS,33870,0.0,11/17/1989,24.296999999999997,31.25
CTE,CLERK 10 MONTHS,33870,0.0,9/10/2018,40.606,2.417
LPH,CLERK 11 MONTHS,33875,0.0,8/22/2005,28.885,15.5
ELEMENTARY PROG,CLERK 11 MONTHS,33852,0.0,12/11/2017,23.583000000000002,3.167
ESE,CLERK 11 MONTHS,33870,0.0,7/18/2001,22.445999999999998,19.583
SHS,CLERK 11 MONTHS,33872,0.0,10/16/2001,46.11600000000001,19.333
ELEMENTARY PROG,CLERK 11 MONTHS,33852,0.0,7/5/2020,16.753,0.583
FWE,CLERK 11 MONTHS,33872,0.0,10/7/2004,27.421999999999997,16.333
SHS,CLERK 11 MONTHS,33870,0.0,4/11/1988,70.517,32.833
SECONDARY PROG,CLERK 11 MONTHS,33876,0.0,11/27/2012,43.958,8.25
LPE,CLERK 11 MONTHS,33852,0.0,7/16/1990,81.541,30.583000000000002
LPH,CLERK 11 MONTHS,33852,0.0,9/19/2016,58.786,4.417
MES,CLERK 11 MONTHS,33825,0.0,6/10/2019,36.673,1.6669999999999998
APH,CLERK 11 MONTHS,33825,0.0,6/11/1990,25.991,30.666999999999998
HUMAN RESOURCES,CLERK 12 MONTHS,33870,0.0,3/9/2015,23.708000000000002,5.917000000000001
HUMAN RESOURCES,CLERK 12 MONTHS,33872,0.0,1/9/2017,23.686999999999998,4.083
FINANCE,CLERK 12 MONTHS,33875,0.0,2/19/1980,46.388000000000005,41.0
TRANSPORTATION,CLERK 12 MONTHS,33871,0.0,10/17/2005,23.384,15.333
HEC,CLERK 12 MONTHS,33825,0.0,5/16/2008,19.472,12.75
FACILITIES,CLERK 12 MONTHS,33871,0.0,5/20/2019,21.7,1.75
FOOD & NUTRI,CLERK 12 MONTHS,33825,2.0,9/26/1997,46.808,23.416999999999998
HUMAN RESOURCES,CLERK 12 MONTHS,33873,0.0,12/17/2020,18.644000000000002,0.16699999999999998
TRANSPORTATION,CLERK 12 MONTHS,33870,0.0,4/3/1995,27.936,25.833000000000002
HUMAN RESOURCES,CLERK 12 MONTHS,33852,2.0,3/12/2018,33.984,2.917
HUMAN RESOURCES,CLERK 12 MONTHS,33870,0.0,5/1/2017,31.734,3.75
TRANSPORTATION,CLERK 12 MONTHS,33825,0.0,2/13/2012,23.795,9.0
FACILITIES,CLERK 12 MONTHS,33872,0.0,9/14/2020,36.249,0.41700000000000004
FINANCE,CLERK 12 MONTHS,33825,0.0,7/1/1997,39.62,23.583000000000002
FOOD & NUTRI,CLERK 12 MONTHS,33870,0.0,2/28/2005,85.87,16.0
FINANCE,CLERK 12 MONTHS,33872,0.0,2/5/2018,21.485,3.0
FINANCE,CLERK 12 MONTHS,33875,0.0,10/12/2015,54.376000000000005,5.332999999999999
FINANCE,CLERK 12 MONTHS,33870,0.0,7/10/2017,18.746,3.583
FINANCE,CLERK 12 MONTHS,33876,0.0,6/11/2001,45.942,19.667
HUMAN RESOURCES,CLERK 12 MONTHS,33872,2.0,5/19/1986,42.507,34.75
ELEMENTARY PROG,CLERK 12 MONTHS,33870,0.0,11/16/2020,42.865,0.25
FOOD & NUTRI,CLERK 12 MONTHS,33875,0.0,7/20/2020,30.910999999999998,0.583
ESE,CLERK 12 MONTHS,33825,0.0,7/5/2011,71.611,9.583
MIS,CLERK 12 MONTHS,33875,0.0,4/10/2017,51.247,3.833
TRANSPORTATION,CLERK 12 MONTHS,33852,0.0,6/2/2008,27.3,12.667
SECONDARY PROG,CLERK 12 MONTHS,33870,0.0,7/8/2019,25.256,1.5830000000000002
FINANCE,CLERK 12 MONTHS,33870,0.0,2/7/2013,31.313000000000002,8.0
MIS,COMP TECH DIST,33852,0.0,7/20/2006,25.256,14.583
MIS,COMP TECH DIST,33825,0.0,9/17/2020,19.037,0.41700000000000004
MIS,COMP TECH DIST,33825,0.0,10/1/2019,15.321,1.3330000000000002
MIS,COMP TECH DIST,33870,0.0,1/7/2008,56.852,13.083
MIS,COMP TECH DIST,33825,0.0,7/21/2014,88.54899999999999,6.582999999999999
MIS,COMP TECH DIST,33876,0.0,2/9/2015,22.671,6.0
MIS,COMP TECH DIST,33876,0.0,7/12/1984,24.553,36.583
CTE,COMP TECH SCH,33875,2.0,8/8/2005,26.234,15.5
LPE,COMP TECH SCH,33862,0.0,9/9/2019,48.239,1.4169999999999998
SHS,COMP TECH SCH,33843,0.0,12/17/2020,18.644000000000002,0.16699999999999998
APM,COMP TECH SCH,33870,0.0,12/13/1999,46.808,21.166999999999998
SNL,COMP TECH SCH,33876,0.0,1/31/2019,41.478,2.083
AES,COMP TECH SCH,33870,2.0,10/24/2006,23.384,14.333
SHS,COMP TECH SCH,33870,2.0,4/2/2018,18.471,2.833
APH,COMP TECH SCH,33825,0.0,2/6/2017,40.148,4.0
FWE,COMP TECH SCH,33876,0.0,7/30/2007,27.781999999999996,13.583
WES,COMP TECH SCH,33875,0.0,11/11/2019,22.65,1.25
MES,COMP TECH SCH,33825,0.0,7/1/2019,28.211,1.5830000000000002
LPM,COMP TECH SCH,33852,0.0,9/2/2014,22.039,6.417000000000001
PES,COMP TECH SCH,33870,0.0,3/8/2004,35.503,16.917
KLC,COMP TECH SCH,33825,0.0,1/9/2017,22.662,4.083
LPH,COMP TECH SCH,33852,0.0,2/9/2004,48.534,17.0
KLC,CUST 12 MONTHS,33876,0.0,7/12/2010,19.395,10.583
LPE,CUST 12 MONTHS,33852,0.0,1/22/2018,30.099,3.083
LPH,CUST 12 MONTHS,33852,0.0,5/14/2007,22.326999999999998,13.75
HGM,CUST 12 MONTHS,33825,2.0,8/5/2020,20.989,0.5
SHS,CUST 12 MONTHS,33870,2.0,7/8/2019,19.793,1.5830000000000002
LCE,CUST 12 MONTHS,33852,2.0,11/9/2015,18.28,5.25
LPM,CUST 12 MONTHS,33852,2.0,12/16/2020,18.644000000000002,0.16699999999999998
SMS,CUST 12 MONTHS,33872,2.0,12/5/2011,25.62,9.167
AES,CUST 12 MONTHS,33825,2.0,10/5/2020,21.583000000000002,0.33299999999999996
LPH,CUST 12 MONTHS,33870,0.0,6/14/2005,44.576,15.667
SNL,CUST 12 MONTHS,33825,0.0,2/1/2017,16.02,4.0
APH,CUST 12 MONTHS,33825,2.0,7/11/2016,19.238,4.583
CTE,CUST 12 MONTHS,33870,2.0,12/2/1998,43.673,22.166999999999998
HGM,CUST 12 MONTHS,33870,2.0,11/30/2020,65.914,0.25
SMS,CUST 12 MONTHS,33870,2.0,8/13/2018,26.234,2.5
SHS,CUST 12 MONTHS,33825,0.0,12/30/2020,36.89,0.16699999999999998
APH,CUST 12 MONTHS,33826,0.0,11/7/2011,25.62,9.25
WES,CUST 12 MONTHS,33852,2.0,12/4/2012,46.117,8.167
APH,CUST 12 MONTHS,33826,2.0,11/14/2016,22.662,4.25
LPE,DATA OPER 11 MO,33852,0.0,7/10/2000,26.234,20.583000000000002
SHS,DATA OPER 11 MO,33875,0.0,10/19/2020,26.234,0.33299999999999996
LCE,DATA OPER 11 MO,33870,0.0,4/10/2017,21.025,3.833
KLC,DATA OPER 12 MO,33875,0.0,4/8/1996,31.734,24.833000000000002
WES,DATA OPER 12 MO,33872,0.0,7/13/2007,24.467,13.583
LPM,DATA OPER 12 MO,33852,0.0,4/7/2008,26.586,12.833
FWE,DATA OPER 12 MO,33870,0.0,9/9/2014,24.114,6.417000000000001
HGM,DATA OPER 12 MO,33872,2.0,6/20/1994,179.537,26.666999999999998
SMS,DATA OPER 12 MO,33870,0.0,8/21/2001,24.753,19.5
CTE,DATA OPER 12 MO,33870,0.0,1/11/2021,45.442,0.083
MES,DATA OPER 12 MO,33872,0.0,2/14/1989,20.445999999999998,32.0
AES,DATA OPER 12 MO,33826,0.0,7/20/2019,43.88399999999999,1.5830000000000002
APM,DATA OPER 12 MO,33870,0.0,3/19/2018,21.7,2.917
SNL,DATA OPER 12 MO,33872,0.0,12/2/1991,41.636,29.166999999999998
PES,DATA OPER 12 MO,33825,0.0,10/29/2003,21.381999999999998,17.333
LPH,DATA OPER 12 MO,33862,0.0,1/4/1993,70.557,28.083000000000002
APH,DATA OPER 12 MO,33843,0.0,6/17/2016,40.165,4.667
MIS,DATA TECH 1,33870,2.0,11/25/1996,36.708,24.25
MIS,DATA TECH 2,33825,0.0,10/31/2016,25.999000000000002,4.333
MIS,DATA TECH 3,33870,0.0,4/8/2003,26.908,17.833
MIS,DATA TECH 3,33852,0.0,7/7/2016,24.303,4.583
MIS,DATA TECH 3,33870,0.0,12/5/2017,21.583000000000002,3.167
SECONDARY PROG,DATA TECH 3,33870,0.0,4/1/2013,30.910999999999998,7.832999999999999
WAREHOUSE,DELIVERY WRKR,33825,0.0,7/25/2001,29.701999999999998,19.583
TRANSPORTATION,DISPATCH TRANS,33875,2.0,11/26/2018,89.436,2.25
TRANSPORTATION,DISPATCH TRANS,33852,0.0,9/8/2016,36.211999999999996,4.417
FOOD & NUTRI,FS AST SITE SUP,33852,0.0,8/14/1995,26.874000000000002,25.5
FOOD & NUTRI,FS AST SITE SUP,33825,2.0,10/8/2018,48.239,2.333
FOOD & NUTRI,FS AST SITE SUP,33825,0.0,6/10/2019,48.239,1.6669999999999998
FOOD & NUTRI,FS AST SITE SUP,33870,0.0,11/11/2019,31.68,1.25
FOOD & NUTRI,FS AST SITE SUP,33852,0.0,2/13/2017,26.586,4.0
FOOD & NUTRI,FS AST SITE SUP,33825,0.0,3/31/2014,55.585,6.917000000000001
FOOD & NUTRI,FS AST SITE SUP,33872,0.0,1/30/2018,52.647,3.083
FOOD & NUTRI,FS AST SITE SUP,33870,0.0,12/8/2020,20.479,0.16699999999999998
FOOD & NUTRI,FS AST SITE SUP,33872,0.0,4/8/2019,39.893,1.8330000000000002
FOOD & NUTRI,FS AST SITE SUP,33857,0.0,11/14/1994,25.991,26.25
FOOD & NUTRI,FS AST SITE SUP,33876,0.0,11/14/2011,53.412,9.25
FOOD & NUTRI,FS AST SITE SUP,33825,0.0,4/3/2006,45.29,14.833
FOOD & NUTRI,FS AST SITE SUP,33852,0.0,7/1/2018,32.138000000000005,2.583
FOOD & NUTRI,FS AST SITE SUP,33825,2.0,8/1/2017,51.504,3.5
FOOD & NUTRI,FS GENERAL WRKR,33870,0.0,7/9/2018,15.665,2.583
FOOD & NUTRI,FS GENERAL WRKR,33852,0.0,2/11/2008,27.781999999999996,13.0
FOOD & NUTRI,FS GENERAL WRKR,33852,0.0,3/8/2004,23.14,16.917
FOOD & NUTRI,FS GENERAL WRKR,33870,0.0,4/2/2012,54.617,8.833
FOOD & NUTRI,FS GENERAL WRKR,33852,0.0,9/11/2000,30.099,20.417
FOOD & NUTRI,FS GENERAL WRKR,33870,0.0,1/7/2021,18.644000000000002,0.083
FOOD & NUTRI,FS GENERAL WRKR,33852,0.0,7/13/2020,18.644000000000002,0.583
FOOD & NUTRI,FS GENERAL WRKR,33826,0.0,12/11/2006,26.234,14.167
FOOD & NUTRI,FS GENERAL WRKR,33852,0.0,3/10/1997,41.67100000000001,23.916999999999998
FOOD & NUTRI,FS GENERAL WRKR,33870,0.0,8/17/2020,75.143,0.5
FOOD & NUTRI,FS GENERAL WRKR,33870,0.0,11/11/2019,18.471,1.25
FOOD & NUTRI,FS GENERAL WRKR,33870,0.0,1/28/1991,46.67100000000001,30.083000000000002
FOOD & NUTRI,FS GENERAL WRKR,33852,0.0,11/12/2007,39.615,13.25
FOOD & NUTRI,FS GENERAL WRKR,33862,2.0,3/10/2016,21.381999999999998,4.917
FOOD & NUTRI,FS GENERAL WRKR,33825,0.0,4/24/1995,20.445999999999998,25.833000000000002
FOOD & NUTRI,FS GENERAL WRKR,33852,0.0,12/10/2018,48.239,2.167
FOOD & NUTRI,FS GENERAL WRKR,33876,0.0,2/5/2018,21.7,3.0
FOOD & NUTRI,FS GENERAL WRKR,33870,0.0,10/31/2016,40.924,4.333
FOOD & NUTRI,FS GENERAL WRKR,33825,0.0,12/21/2020,14.53,0.16699999999999998
FOOD & NUTRI,FS GENERAL WRKR,33852,2.0,4/16/2004,25.476999999999997,16.833
FOOD & NUTRI,FS GENERAL WRKR,33852,0.0,7/13/2020,22.671,0.583
FOOD & NUTRI,FS GENERAL WRKR,33825,0.0,3/7/2005,44.576,15.917
FOOD & NUTRI,FS GENERAL WRKR,33870,0.0,11/15/2006,85.87,14.25
FOOD & NUTRI,FS GENERAL WRKR,33872,0.0,6/20/2001,23.384,19.667
FOOD & NUTRI,FS GENERAL WRKR,33872,0.0,1/5/2017,47.282,4.083
FOOD & NUTRI,FS GENERAL WRKR,33852,0.0,10/30/2006,44.576,14.333
FOOD & NUTRI,FS GENERAL WRKR,33825,0.0,10/1/2018,36.708,2.333
FOOD & NUTRI,FS GENERAL WRKR,33870,0.0,8/14/2006,26.234,14.5
FOOD & NUTRI,FS GENERAL WRKR,33825,2.0,6/25/2015,24.467,5.667000000000001
FOOD & NUTRI,FS GENERAL WRKR,33825,0.0,12/12/1994,21.561999999999998,26.166999999999998
FOOD & NUTRI,FS GENERAL WRKR,33872,0.0,10/12/2020,29.366,0.33299999999999996
FOOD & NUTRI,FS GENERAL WRKR,33852,0.0,2/13/2006,20.535,15.0
FOOD & NUTRI,FS GENERAL WRKR,33872,0.0,7/1/2020,27.193,0.583
FOOD & NUTRI,FS GENERAL WRKR,33852,0.0,9/1/2000,22.326999999999998,20.417
FOOD & NUTRI,FS GENERAL WRKR,33960,0.0,6/10/2019,26.115,1.6669999999999998
FOOD & NUTRI,FS GENERAL WRKR,33870,0.0,7/10/2017,21.025,3.583
FOOD & NUTRI,FS GENERAL WRKR,33825,2.0,6/26/2000,49.336999999999996,20.666999999999998
FOOD & NUTRI,FS GENERAL WRKR,33825,0.0,4/11/2016,65.67,4.833
FOOD & NUTRI,FS GENERAL WRKR,33825,0.0,5/1/2018,24.266,2.75
FOOD & NUTRI,FS GENERAL WRKR,33872,0.0,11/27/2000,78.80199999999999,20.25
FOOD & NUTRI,FS GENERAL WRKR,33875,0.0,2/9/2004,101.569,17.0
FOOD & NUTRI,FS GENERAL WRKR,33870,0.0,12/21/2020,14.53,0.16699999999999998
FOOD & NUTRI,FS GENERAL WRKR,33870,0.0,8/14/2017,29.822,3.5
FOOD & NUTRI,FS GENERAL WRKR,33852,2.0,4/13/2020,65.495,0.833
FOOD & NUTRI,FS GENERAL WRKR,33870,0.0,5/9/2016,21.583000000000002,4.75
FOOD & NUTRI,FS GENERAL WRKR,33875,0.0,3/18/2019,19.287,1.9169999999999998
FOOD & NUTRI,FS GENERAL WRKR,33870,0.0,11/3/2001,88.70100000000001,19.25
FOOD & NUTRI,FS GENERAL WRKR,33825,2.0,1/22/2001,27.781999999999996,20.083
FOOD & NUTRI,FS GENERAL WRKR,33825,0.0,8/23/2004,26.138,16.5
FOOD & NUTRI,FS GENERAL WRKR,33870,0.0,6/12/2000,24.753,20.666999999999998
FOOD & NUTRI,FS GENERAL WRKR,33825,0.0,3/10/2008,26.234,12.917
FOOD & NUTRI,FS GENERAL WRKR,33870,0.0,7/22/2013,66.127,7.582999999999999
FOOD & NUTRI,FS GENERAL WRKR,33870,0.0,4/14/1986,94.375,34.833
FOOD & NUTRI,FS GENERAL WRKR,33871,2.0,9/17/2002,55.986999999999995,18.417
FOOD & NUTRI,FS GENERAL WRKR,33852,0.0,11/9/2015,23.14,5.25
FOOD & NUTRI,FS SITE ASSIST,33825,0.0,4/29/2002,64.142,18.833
FOOD & NUTRI,FS SITE ASSIST,33852,0.0,12/17/2020,18.644000000000002,0.16699999999999998
FOOD & NUTRI,FS SITE ASSIST,33852,0.0,10/13/2008,83.774,12.333
FOOD & NUTRI,FS SITE ASSIST,33870,0.0,8/26/1996,69.02,24.5
FOOD & NUTRI,FS SITE ASSIST,33876,2.0,10/9/2006,44.576,14.333
FOOD & NUTRI,FS SITE ASSIST,33870,0.0,7/1/2018,29.215999999999998,2.583
FOOD & NUTRI,FS SITE ASSIST,33825,0.0,12/10/2018,18.644000000000002,2.167
FOOD & NUTRI,FS SITE ASSIST,33875,0.0,11/27/2019,42.424,1.25
FOOD & NUTRI,FS SITE ASSIST,33852,0.0,4/11/2005,43.958,15.833
FOOD & NUTRI,FS SITE ASSIST,33825,0.0,12/14/2015,26.234,5.167000000000001
FOOD & NUTRI,FS SITE ASSIST,33870,0.0,8/3/1987,73.726,33.5
FOOD & NUTRI,FS SITE ASSIST,33843,0.0,3/9/2009,30.699,11.917
FOOD & NUTRI,FS SITE ASSIST,33857,0.0,7/8/2013,24.985,7.582999999999999
FOOD & NUTRI,FS SITE ASSIST,33825,0.0,3/2/2006,31.149,14.917
FOOD & NUTRI,FS SITE ASSIST,33852,0.0,6/28/2017,21.583000000000002,3.667
FOOD & NUTRI,FS SITE ASSIST,33825,0.0,5/2/2019,20.83,1.75
FOOD & NUTRI,FS SITE ASSIST,33852,2.0,3/5/2004,19.472,16.917
FOOD & NUTRI,FS SITE ASSIST,33852,0.0,12/12/1979,60.41,41.167
FOOD & NUTRI,FS SITE ASSIST,33872,0.0,8/1/2017,52.283,3.5
FOOD & NUTRI,FS SITE ASSIST,33876,0.0,5/27/2016,19.504,4.75
FOOD & NUTRI,FS SITE ASSIST,33825,0.0,8/27/2018,20.363,2.5
FOOD & NUTRI,FS SITE ASSIST,33870,0.0,2/25/2003,21.897,18.0
ELEMENTARY PROG,HLTH WRKR RCRT,33852,0.0,4/27/2020,42.865,0.833
ELEMENTARY PROG,HLTH WRKR RCRT,33870,0.0,9/21/2020,16.02,0.41700000000000004
ELEMENTARY PROG,HLTH WRKR RCRT,33825,0.0,8/29/2012,48.534,8.5
HGM,HLTH WRKR SCHOL,33825,0.0,11/15/2004,31.107,16.25
SMS,HLTH WRKR SCHOL,33872,2.0,3/12/2018,21.377,2.917
APM,HLTH WRKR SCHOL,33857,0.0,10/29/2018,24.114,2.333
LPM,HLTH WRKR SCHOL,33852,0.0,8/12/2019,29.56,1.5
LPH,HLTH WRKR SCHOL,33872,0.0,2/24/2020,72.992,1.0
SHS,HLTH WRKR SCHOL,33870,0.0,3/8/2005,29.625999999999998,15.917
APH,HLTH WRKR SCHOL,33825,0.0,9/28/2020,20.479,0.41700000000000004
WAREHOUSE,INV CONTROL,33875,0.0,8/2/2007,31.149,13.5
PURCH PROP REC,INV CONTROL,33875,0.0,4/4/2016,45.942,4.833
WAREHOUSE,INV CONTROL,33825,0.0,10/8/2007,44.576,13.333
PRINT SHOP,MACHINE OPER,33875,0.0,9/9/2019,22.328000000000003,1.4169999999999998
PRINT SHOP,MACHINE OPER,33870,0.0,11/25/2020,42.865,0.25
FACILITIES,MECHANIC FACIL,33875,0.0,1/7/2021,18.644000000000002,0.083
FACILITIES,MECHANIC FACIL,33875,0.0,12/18/2020,46.823,0.16699999999999998
FACILITIES,MECHANIC FACIL,33876,0.0,4/8/1996,26.234,24.833000000000002
FACILITIES,MECHANIC FACIL,33876,0.0,6/5/2019,14.53,1.6669999999999998
FACILITIES,MECHANIC FACIL,33826,2.0,9/23/1996,28.885,24.416999999999998
FACILITIES,MECHANIC FACIL,33870,0.0,11/13/2000,26.234,20.25
FACILITIES,MECHANIC FACIL,33875,0.0,5/5/2003,52.647,17.75
FACILITIES,MECHANIC FACIL,33825,0.0,11/10/1990,33.321,30.25
FACILITIES,MECHANIC FACIL,33872,0.0,12/16/2020,18.644000000000002,0.16699999999999998
FACILITIES,MECHANIC FACIL,33857,0.0,2/17/2004,31.149,17.0
FACILITIES,MECHANIC FACIL,33852,0.0,1/14/2019,31.68,2.083
FACILITIES,MECHANIC FACIL,33870,0.0,12/26/2014,55.585,6.167000000000001
FACILITIES,MECHANIC FACIL,33870,0.0,3/16/2004,26.138,16.917
FACILITIES,MECHANIC FACIL,33870,0.0,1/8/2018,50.927,3.083
FACILITIES,MECHANIC FACIL,33875,0.0,12/18/2020,18.644000000000002,0.16699999999999998
FACILITIES,MECHANIC FACIL,33870,0.0,7/7/2005,66.342,15.583
FACILITIES,MECHANIC FACIL,33870,0.0,2/10/2020,25.429000000000002,1.0
FACILITIES,MECHANIC FACIL,33875,0.0,5/10/2004,23.884,16.75
FACILITIES,MECHANIC FACIL,33857,0.0,3/8/1993,25.991,27.916999999999998
FACILITIES,MECHANIC FACIL,33825,0.0,1/11/2021,20.555,0.083
FACILITIES,MECHANIC FACIL,33857,0.0,9/30/2016,45.771,4.417
TRANSPORTATION,MECHANIC TRANS,33852,2.0,7/8/2019,18.65,1.5830000000000002
TRANSPORTATION,MECHANIC TRANS,33826,0.0,3/26/2012,25.256,8.917
TRANSPORTATION,MECHANIC TRANS,33852,0.0,9/6/2011,41.184,9.417
TRANSPORTATION,MECHANIC TRANS,33872,0.0,2/15/2018,16.090999999999998,3.0
TRANSPORTATION,MECHANIC TRANS,33852,0.0,10/24/2016,31.149,4.333
TRANSPORTATION,MECHANIC TRANS,33870,0.0,2/9/2004,52.647,17.0
TRANSPORTATION,MECHANIC TRANS,33852,0.0,8/10/2015,52.647,5.5
TRANSPORTATION,MECHANIC TRANS,33875,0.0,3/13/2017,81.78,3.917
TRANSPORTATION,MECHANIC TRANS,33852,2.0,4/20/2018,20.83,2.833
CTE,PARA ENHANCE,33870,0.0,7/10/2006,41.423,14.583
APH,PARA ENHANCE,33825,2.0,7/1/2020,27.193,0.583
ESE,PARA ENHANCE,33852,0.0,6/16/2001,23.384,19.667
LCE,PARA ENHANCE,33852,0.0,5/12/2008,25.555999999999997,12.75
APH,PARA ENHANCE,33825,0.0,9/17/2020,22.131,0.41700000000000004
LPE,PARA ENHANCE,33852,0.0,1/9/2012,25.555999999999997,9.083
APH,PARA ENHANCE,33898,0.0,4/26/1999,46.823,21.833000000000002
CTE,PARA ENHANCE,33870,0.0,1/11/2021,21.583000000000002,0.083
PES,PARA ENHANCE,33872,2.0,7/6/2005,26.234,15.583
SNL,PARA ENHANCE,33825,0.0,10/12/2020,26.234,0.33299999999999996
LPE,PARA ENHANCE,33852,0.0,4/4/1994,70.779,26.833000000000002
SHS,PARA ENHANCE,33870,0.0,7/2/2018,67.282,2.583
APM,PARA ENHANCE,33825,0.0,1/11/2016,19.238,5.083
FWE,PARA ENHANCE,33825,0.0,2/19/1976,25.991,45.0
AES,PARA ENHANCE,33825,0.0,1/9/2006,20.535,15.083
CTE,PARA ENHANCE,33875,0.0,8/13/2018,34.927,2.5
HGM,PARA ENHANCE,33872,0.0,12/15/2004,22.671,16.167
SNL,PARA ENHANCE,33875,0.0,4/21/2020,14.595,0.833
SHS,PARA ENHANCE,33870,0.0,1/8/2018,38.001,3.083
APH,PARA ENHANCE,33825,2.0,2/8/1988,31.416,33.0
SHS,PARA ENHANCE,33871,2.0,7/14/1997,87.083,23.583000000000002
MES,PARA ENHANCE,33870,0.0,12/4/1989,25.991,31.166999999999998
APH,PARA ENHANCE,33870,0.0,3/18/2019,17.708,1.9169999999999998
KLC,PARA ENHANCE,33875,2.0,4/6/2016,55.585,4.833
MES,PARA ENHANCE,33852,0.0,1/3/2006,72.90899999999999,15.083
CTE,PARA ENHANCE,33870,2.0,4/8/2019,16.194000000000003,1.8330000000000002
LPE,PARA ENHANCE,33852,0.0,9/11/2000,26.234,20.417
LPE,PARA ENHANCE,33852,0.0,6/12/1995,27.546,25.666999999999998
MES,PARA ENHANCE,33870,0.0,10/1/2019,18.369,1.3330000000000002
LPM,PARA ENHANCE,33862,2.0,3/14/1988,42.97,32.917
SMS,PARA ENHANCE,33870,0.0,6/28/2017,26.908,3.667
APH,PARA ENHANCE,33825,0.0,2/10/2020,34.23,1.0
MES,PARA ENHANCE,33875,0.0,11/11/2019,30.224,1.25
ESE,PARA ENHANCE,33875,0.0,7/10/2000,37.344,20.583000000000002
SMS,PARA ENHANCE,33852,0.0,9/14/2020,22.579,0.41700000000000004
LPH,PARA ENHANCE,33852,2.0,12/11/1978,62.258,42.167
SMS,PARA ENHANCE,33852,0.0,10/2/2006,29.625999999999998,14.333
LPE,PARA ENHANCE,33852,0.0,1/13/1997,31.149,24.083000000000002
LCE,PARA ENHANCE,33960,2.0,2/2/2009,26.234,12.0
LPE,PARA ENHANCE,33852,0.0,6/14/1999,78.426,21.666999999999998
APH,PARA ENHANCE,33826,2.0,2/12/1990,22.947,31.0
LPE,PARA ENHANCE,33852,0.0,10/9/2000,26.234,20.333
SHS,PARA ENHANCE,33875,2.0,2/11/2013,24.985,8.0
SNL,PARA ENHANCE,33825,0.0,11/14/2016,28.401999999999997,4.25
LPE,PARA ENHANCE,33852,2.0,1/13/2020,20.778000000000002,1.083
FWE,PARA ENHANCE,33870,2.0,7/8/1996,25.256,24.583000000000002
SMS,PARA ENHANCE,33872,0.0,5/27/2005,23.384,15.75
PES,PARA ENHANCE,33870,0.0,2/6/2017,29.822,4.0
ESE,PARA ENHANCE,33870,0.0,8/2/2007,26.2,13.5
APH,PARA ENHANCE,33870,0.0,3/16/1992,58.726000000000006,28.916999999999998
APH,PARA ENHANCE,33870,2.0,7/14/1980,25.991,40.583
LCE,PARA ENHANCE,33852,0.0,7/14/2003,28.215,17.583
HGM,PARA ENHANCE,33825,0.0,4/10/2000,78.649,20.833000000000002
LPH,PARA ENHANCE,33852,2.0,9/6/1994,25.284000000000002,26.416999999999998
LCE,PARA ENHANCE,33852,0.0,2/1/1981,27.445,40.0
WES,PARA ENHANCE,33871,0.0,12/2/2019,44.162,1.167
SNL,PARA ENHANCE,33872,0.0,2/11/2019,21.7,2.0
SHS,PARA ENHANCE,33870,2.0,8/7/1972,51.797,48.5
APM,PARA ENHANCE,33825,0.0,3/10/1980,67.34899999999999,40.917
SNL,PARA ENHANCE,33852,0.0,7/10/2000,26.234,20.583000000000002
LCE,PARA ENHANCE,33852,2.0,7/27/1998,31.149,22.583000000000002
LPE,PARA ENHANCE,33852,0.0,12/12/2016,26.234,4.167
ESE,PARA ENHANCE,33870,0.0,12/7/1987,27.916,33.167
SNL,PARA ENHANCE,33825,0.0,8/24/2009,40.457,11.5
LPE,PARA ENHANCE,33852,0.0,6/12/2019,16.307000000000002,1.6669999999999998
CTE,PARA ENHANCE,33870,0.0,8/2/2016,24.894000000000002,4.5
WES,PARA ENHANCE,33872,0.0,7/7/2006,21.381999999999998,14.583
PES,PARA ENHANCE,33826,0.0,10/21/2019,36.216,1.3330000000000002
LPE,PARA INSTRUCT,33852,0.0,5/11/1992,69.433,28.75
LCE,PARA INSTRUCT,33960,0.0,7/23/2007,24.753,13.583
SHS,PARA INSTRUCT,33875,0.0,5/12/2008,38.506,12.75
LPM,PARA INSTRUCT,33852,0.0,4/10/2017,85.87,3.833
LCE,PARA INSTRUCT,33852,0.0,11/12/2007,26.234,13.25
LPM,PARA INSTRUCT,33875,0.0,8/10/2015,20.154,5.5
LPE,PARA INSTRUCT,33852,0.0,8/23/2004,44.178999999999995,16.5
FWE,PARA INSTRUCT,33825,2.0,9/26/2008,44.323,12.417
MES,PARA INSTRUCT,33870,0.0,1/16/2001,21.7,20.083
AES,PARA INSTRUCT,33825,2.0,2/14/2000,26.234,21.0
AES,PARA INSTRUCT,33825,0.0,8/28/2018,16.090999999999998,2.5
HGM,PARA INSTRUCT,33852,0.0,8/2/2016,48.239,4.5
APH,PARA INSTRUCT,33872,0.0,1/9/2017,22.326999999999998,4.083
FWE,PARA INSTRUCT,33875,0.0,10/17/2016,81.78,4.333
MES,PARA INSTRUCT,33870,2.0,3/19/2007,46.808,13.917
SNL,PARA INSTRUCT,33872,0.0,3/3/2003,39.615,17.917
LPE,PARA INSTRUCT,33852,0.0,5/31/2016,21.025,4.75
LCE,PARA INSTRUCT,33852,0.0,9/8/2020,14.53,0.41700000000000004
FWE,PARA INSTRUCT,33870,2.0,8/12/2019,70.646,1.5
LPH,PARA INSTRUCT,33862,2.0,5/2/2016,50.843999999999994,4.75
FWE,PARA INSTRUCT,33875,0.0,4/12/2004,30.099,16.833
PES,PARA INSTRUCT,33825,2.0,2/8/2016,21.383000000000003,5.0
LPE,PARA INSTRUCT,33852,0.0,10/1/2019,15.321,1.3330000000000002
PES,PARA INSTRUCT,33825,2.0,4/13/2020,44.576,0.833
AES,PARA INSTRUCT,33876,0.0,5/5/2008,23.14,12.75
WES,PARA INSTRUCT,33872,0.0,4/6/2016,55.585,4.833
SNL,PARA INSTRUCT,33870,0.0,12/10/2007,55.766999999999996,13.167
SHS,PARA INSTRUCT,33875,2.0,8/14/2006,26.234,14.5
PES,PARA INSTRUCT,33870,2.0,10/14/1985,80.46300000000001,35.333
MES,PARA INSTRUCT,33870,0.0,5/23/2000,28.885,20.75
FWE,PARA INSTRUCT,33872,0.0,5/8/2000,26.234,20.75
KLC,PARA INSTRUCT,33870,0.0,11/9/1998,76.631,22.25
WES,PARA INSTRUCT,33825,0.0,11/9/2020,18.162,0.25
WES,PARA INSTRUCT,33852,0.0,7/7/2005,26.138,15.583
CTE,PARA INSTRUCT,33875,0.0,1/8/2007,20.535,14.083
PES,PARA INSTRUCT,33825,0.0,7/18/2001,74.085,19.583
LPM,PARA INSTRUCT,33852,0.0,8/17/2020,18.85,0.5
FWE,PARA INSTRUCT,33825,0.0,7/1/2020,27.193,0.583
AES,PARA INSTRUCT,33825,0.0,4/14/1997,81.122,23.833000000000002
LPE,PARA INSTRUCT,33852,0.0,12/12/2016,26.234,4.167
MES,PARA INSTRUCT,33872,2.0,3/3/2003,28.09,17.917
APH,PARA INSTRUCT,33825,2.0,10/15/2018,24.114,2.333
SMS,PARA INSTRUCT,33826,0.0,10/13/2014,52.647,6.332999999999999
SHS,PARA INSTRUCT,33870,0.0,2/8/2016,42.513000000000005,5.0
LPH,PARA INSTRUCT,33852,0.0,6/13/2016,70.921,4.667
AES,PARA INSTRUCT,33825,2.0,11/16/2020,23.375999999999998,0.25
CTE,PARA INSTRUCT,33872,0.0,2/8/2016,55.585,5.0
LPE,PARA INSTRUCT,33852,0.0,5/13/2019,27.781999999999996,1.75
CTE,PARA INSTRUCT,33852,0.0,1/7/2021,18.644000000000002,0.083
AES,PARA INSTRUCT,33825,0.0,10/9/2006,25.256,14.333
APM,PARA INSTRUCT,33825,0.0,2/16/2008,26.234,13.0
PES,PARA INSTRUCT,33870,0.0,7/1/2020,27.193,0.583
MES,PARA INSTRUCT,33825,0.0,1/7/2021,18.644000000000002,0.083
CTE,PARA INSTRUCT,33825,0.0,7/9/2018,58.371,2.583
ESE,PARA INSTRUCT,33870,2.0,12/17/2020,18.644000000000002,0.16699999999999998
HGM,PARA INSTRUCT,33870,0.0,11/16/2020,21.7,0.25
WES,PARA INSTRUCT,33857,0.0,10/31/2018,26.234,2.333
HGM,PARA INSTRUCT,33875,0.0,6/10/1975,78.943,45.667
SNL,PARA INSTRUCT,33825,0.0,8/13/2001,56.852,19.5
LCE,PARA INSTRUCT,33852,0.0,11/13/2006,26.234,14.25
LPH,PARA INSTRUCT,33852,0.0,5/8/2017,24.545,3.75
MES,PARA INSTRUCT,33871,1.0,3/28/2012,21.7,8.917
FWE,PARA INSTRUCT,33875,2.0,12/14/2015,52.647,5.167000000000001
SMS,PARA INSTRUCT,33870,0.0,8/2/1979,34.966,41.5
LPH,PARA INSTRUCT,33852,0.0,1/7/2021,18.644000000000002,0.083
SNL,PARA INSTRUCT,33875,0.0,6/11/2018,45.903999999999996,2.667
MES,PARA INSTRUCT,33825,0.0,4/29/2015,17.662,5.832999999999999
SHS,PARA INSTRUCT,33873,0.0,4/8/2019,18.471,1.8330000000000002
LPH,PARA INSTRUCT,33872,2.0,12/12/2016,28.784000000000002,4.167
KLC,PARA INSTRUCT,33870,0.0,6/11/2018,26.234,2.667
KLC,PARA INSTRUCT,33872,0.0,2/23/2005,19.472,16.0
APH,PARA INSTRUCT,33825,2.0,12/12/2016,27.413,4.167
APH,PARA INSTRUCT,33825,0.0,1/12/2015,36.979,6.082999999999999
SHS,PARA INSTRUCT,33870,2.0,1/8/2018,34.927,3.083
LPM,PARA INSTRUCT,33852,0.0,10/8/2012,20.535,8.333
HGM,PARA INSTRUCT,33872,0.0,5/8/2000,27.421999999999997,20.75
SHS,PARA INSTRUCT,33872,0.0,11/12/2007,26.138,13.25
APM,PARA INSTRUCT,33825,0.0,5/4/2015,52.647,5.75
LPM,PARA INSTRUCT,33852,0.0,5/9/2011,51.21,9.75
AES,PARA INSTRUCT,33870,2.0,2/9/2015,18.625999999999998,6.0
MES,PARA INSTRUCT,33875,0.0,12/4/2018,16.090999999999998,2.167
LCE,PARA INSTRUCT,33852,0.0,4/11/2016,21.816999999999997,4.833
PES,PARA INSTRUCT,33870,0.0,6/25/2012,24.753,8.667
LPE,PARA INSTRUCT,33852,0.0,3/31/2008,26.234,12.917
CTE,PARA INSTRUCT,33875,0.0,9/29/2008,24.303,12.417
SHS,PARA INSTRUCT,33825,0.0,10/17/2005,41.536,15.333
APM,PARA INSTRUCT,33825,0.0,12/7/2020,14.595,0.16699999999999998
HGM,PARA INSTRUCT,33872,0.0,7/13/2015,22.221,5.582999999999999
FWE,PARA INSTRUCT,33875,2.0,1/11/2021,22.191999999999997,0.083
PES,PARA INSTRUCT,33825,0.0,11/17/1997,85.037,23.25
LCE,PARA INSTRUCT,33852,0.0,1/27/2020,85.87,1.083
SMS,PARA INSTRUCT,33875,0.0,10/25/2020,38.531,0.33299999999999996
HGM,PARA INSTRUCT,33872,0.0,1/9/2005,69.248,16.083
WES,PARA INSTRUCT,33852,0.0,4/21/2020,14.595,0.833
SMS,PARA INSTRUCT,33825,0.0,12/11/2006,51.21,14.167
APM,PARA INSTRUCT,33843,0.0,9/12/1983,57.466,37.417
SMS,PARA INSTRUCT,33870,0.0,10/5/2015,26.234,5.332999999999999
SNL,PARA INSTRUCT,33872,0.0,3/19/2002,19.472,18.917
MES,PARA INSTRUCT,33825,0.0,11/12/2018,22.671,2.25
PES,PARA INSTRUCT,33826,0.0,11/6/2000,23.14,20.25
APH,PARA INSTRUCT,33826,2.0,6/9/2008,28.054000000000002,12.667
SHS,PARA INSTRUCT,33870,0.0,9/1/2004,26.234,16.417
AES,PARA INSTRUCT,33825,0.0,3/30/2020,77.212,0.917
SMS,PARA INSTRUCT,33852,0.0,11/26/2018,89.436,2.25
LPE,PARA INSTRUCT,33852,0.0,7/12/2002,24.303,18.583
PES,PLANT OPERATOR,33870,0.0,11/9/2015,18.131,5.25
KLC,PLANT OPERATOR,33852,0.0,9/9/2019,40.431999999999995,1.4169999999999998
CTE,PLANT OPERATOR,33875,0.0,2/15/2010,27.06,11.0
LPE,PLANT OPERATOR,33852,0.0,10/12/1987,31.416,33.333
AES,PLANT OPERATOR,33872,2.0,9/14/2020,20.535,0.41700000000000004
SNL,PLANT OPERATOR,33870,0.0,5/17/2001,24.753,19.75
WES,PLANT OPERATOR,33870,2.0,9/21/1990,24.296999999999997,30.416999999999998
SHS,PLANT OPERATOR,33825,0.0,5/6/2019,35.351,1.75
FWE,PLANT OPERATOR,33875,2.0,3/11/2002,29.834,18.917
ACADEMY YCL,RESRC AST 10 MO,33825,0.0,2/13/2006,89.696,15.0
ELEMENTARY PROG,RESRC AST 11 MO,33825,0.0,11/9/2015,29.92,5.25
STUDENT SUP SRV,SECTY DIST 11 M,33825,0.0,8/13/2018,26.234,2.5
ESE,SECTY DIST 12 M,33852,0.0,12/16/2020,18.644000000000002,0.16699999999999998
SECONDARY PROG,SECTY DIST 12 M,33825,0.0,10/8/2018,51.21,2.333
ELEMENTARY PROG,SECTY DIST 12 M,33870,0.0,11/17/2020,36.27,0.25
HEC,SECTY DIST 12 M,33852,0.0,12/21/2015,25.865,5.167000000000001
ELEMENTARY PROG,SECTY DIST 12 M,33872,0.0,3/31/2003,49.121,17.917
STUDENT SUP SRV,SECTY DIST 12 M,33875,0.0,5/1/1986,27.546,34.75
STUDENT SUP SRV,SECTY DIST 12 M,33870,0.0,11/27/2012,43.958,8.25
SECONDARY PROG,SECTY DIST 12 M,33872,0.0,3/9/2006,24.753,14.917
HEC,SECTY DIST 12 M,33825,0.0,11/9/2020,16.11,0.25
LPH,SECTY SCHL 10 M,33862,0.0,4/7/2010,53.573,10.833
LPM,SECTY SCHL 11 M,33852,0.0,10/29/2018,84.19200000000001,2.333
FWE,SECTY SCHL 11 M,33875,0.0,10/12/2015,38.506,5.332999999999999
LPE,SECTY SCHL 11 M,33852,0.0,1/30/2017,55.585,4.083
APM,SECTY SCHL 11 M,33825,0.0,7/23/1986,23.804000000000002,34.583
APH,SECTY SCHL 11 M,33825,0.0,5/13/1996,26.234,24.75
SMS,SECTY SCHL 11 M,33870,0.0,4/24/2017,85.87,3.833
LPH,SECTY SCHL 11 M,33852,0.0,1/16/2017,26.459,4.083
PES,SECTY SCHL 11 M,33843,0.0,5/20/2002,26.138,18.75
WES,SECTY SCHL 11 M,33875,0.0,6/18/2019,31.068,1.6669999999999998
CTE,SECTY SCHL 11 M,33876,0.0,1/11/2021,23.795,0.083
HGM,SECTY SCHL 11 M,33872,0.0,1/4/2017,33.541,4.083
SNL,SECTY SCHL 11 M,33870,0.0,11/5/2020,21.7,0.25
APM,SECTY SCHL 11 M,33875,0.0,12/6/2011,30.778000000000002,9.167
LPM,SECTY SCHL 11 M,33870,0.0,6/10/2019,28.753,1.6669999999999998
SHS,SECTY SCHL 11 M,33825,0.0,3/22/2017,22.965999999999998,3.917
AES,SECTY SCHL 11 M,33825,0.0,6/3/2016,22.534000000000002,4.667
LCE,SECTY SCHL 11 M,33870,0.0,2/24/2003,52.647,18.0
HGM,SECTY SCHL 11 M,33875,0.0,2/11/1985,29.333000000000002,36.0
CTE,TEACHER ELEM,33875,0.0,1/14/2019,38.975,2.083
MES,TEACHER ELEM,33872,0.0,3/11/1996,20.535,24.916999999999998
PES,TEACHER ELEM,33872,1.0,9/10/2007,25.476999999999997,13.417
LPE,TEACHER ELEM,33852,0.0,4/14/1997,48.534,23.833000000000002
FWE,TEACHER ELEM,33875,0.0,7/13/1998,107.111,22.583000000000002
PES,TEACHER ELEM,33870,0.0,5/4/2005,23.14,15.75
LPE,TEACHER ELEM,33852,0.0,4/8/2013,21.7,7.832999999999999
KLC,TEACHER ELEM,33825,0.0,3/8/1999,19.82,21.916999999999998
LPE,TEACHER ELEM,33862,1.0,7/23/1998,59.765,22.583000000000002
LCE,TEACHER ELEM,33852,1.0,11/13/1995,34.23,25.25
LCE,TEACHER ELEM,33852,1.0,10/28/2011,26.138,9.333
CTE,TEACHER ELEM,33862,0.0,5/25/1998,41.636,22.75
KLC,TEACHER ELEM,33875,0.0,7/10/2017,55.585,3.583
LCE,TEACHER ELEM,33852,0.0,10/12/2015,29.834,5.332999999999999
KLC,TEACHER ELEM,33875,1.0,2/27/2018,48.61,3.0
LPE,TEACHER ELEM,33875,0.0,7/22/2005,26.138,15.583
SNL,TEACHER ELEM,33872,0.0,5/1/2008,66.127,12.75
LPE,TEACHER ELEM,33870,0.0,4/2/2018,21.7,2.833
LPE,TEACHER ELEM,33852,0.0,5/11/2020,50.49,0.75
SNL,TEACHER ELEM,33825,0.0,2/25/2020,16.974,1.0
LPE,TEACHER ELEM,33852,0.0,6/18/2015,55.585,5.667000000000001
LCE,TEACHER ELEM,33852,1.0,7/13/2015,25.62,5.582999999999999
SNL,TEACHER ELEM,33825,1.0,6/3/1991,30.232,29.666999999999998
SNL,TEACHER ELEM,33875,0.0,9/11/2006,46.808,14.417
SNL,TEACHER ELEM,33876,1.0,8/25/2020,15.321,0.5
CTE,TEACHER ELEM,33875,0.0,6/26/2001,26.586,19.667
FWE,TEACHER ELEM,33872,1.0,1/11/2021,60.898999999999994,0.083
LCE,TEACHER ELEM,33852,0.0,3/10/2008,21.381999999999998,12.917
LPE,TEACHER ELEM,33875,1.0,2/22/1989,38.894,32.0
AES,TEACHER ELEM,33852,0.0,1/7/2008,28.885,13.083
MES,TEACHER ELEM,33872,0.0,1/7/2021,18.644000000000002,0.083
KLC,TEACHER ELEM,33870,0.0,11/16/2020,25.761999999999997,0.25
AES,TEACHER ELEM,33825,0.0,4/27/2015,41.67100000000001,5.832999999999999
LPE,TEACHER ELEM,33875,0.0,2/12/2001,27.421999999999997,20.0
CTE,TEACHER ELEM,33872,0.0,1/7/2020,39.687,1.083
MES,TEACHER ELEM,33870,0.0,11/1/2010,42.865,10.25
SNL,TEACHER ELEM,33859,0.0,7/2/2018,25.625999999999998,2.583
SNL,TEACHER ELEM,33872,0.0,7/11/2016,49.111999999999995,4.583
WES,TEACHER ELEM,33870,1.0,5/29/2018,52.647,2.75
SNL,TEACHER ELEM,33870,0.0,6/5/2000,29.834,20.666999999999998
MES,TEACHER ELEM,33825,0.0,5/13/2019,20.555,1.75
SNL,TEACHER ELEM,33872,1.0,5/5/2005,92.62100000000001,15.75
MES,TEACHER ELEM,33875,1.0,6/25/2015,23.795,5.667000000000001
LPE,TEACHER ELEM,33471,1.0,9/17/2019,15.790999999999999,1.4169999999999998
LPE,TEACHER ELEM,33852,0.0,3/11/2019,22.671,1.9169999999999998
KLC,TEACHER ELEM,33870,0.0,10/29/1990,46.54,30.333000000000002
MES,TEACHER ELEM,33870,1.0,12/10/2018,21.381999999999998,2.167
MES,TEACHER ELEM,33872,0.0,3/25/2010,23.14,10.917
MES,TEACHER ELEM,33875,0.0,7/11/2016,54.145,4.583
AES,TEACHER ELEM,33870,1.0,7/27/2016,22.671,4.583
LPE,TEACHER ELEM,34972,1.0,7/8/1996,51.766000000000005,24.583000000000002
WES,TEACHER ELEM,33852,1.0,4/8/2002,24.753,18.833
PES,TEACHER ELEM,33825,1.0,10/19/2020,18.644000000000002,0.33299999999999996
LCE,TEACHER ELEM,33852,0.0,9/26/2018,18.257,2.417
CTE,TEACHER ELEM,33870,0.0,4/10/2006,29.834,14.833
MES,TEACHER ELEM,33825,0.0,2/10/1992,81.146,29.0
LPE,TEACHER ELEM,33852,0.0,8/17/2020,26.822,0.5
AES,TEACHER ELEM,33870,1.0,2/3/1986,23.443,35.0
WES,TEACHER ELEM,33876,1.0,2/2/2016,34.96,5.0
PES,TEACHER ELEM,33825,1.0,6/8/2020,20.83,0.667
LCE,TEACHER ELEM,33852,1.0,11/12/2018,22.671,2.25
KLC,TEACHER ELEM,33852,0.0,1/7/2021,18.644000000000002,0.083
WES,TEACHER ELEM,33875,0.0,1/9/2017,20.989,4.083
WES,TEACHER ELEM,33870,0.0,2/13/2006,26.234,15.0
PES,TEACHER ELEM,33875,0.0,11/16/2020,27.465999999999998,0.25
SNL,TEACHER ELEM,33876,0.0,2/13/2017,50.927,4.0
CTE,TEACHER ELEM,33843,0.0,7/2/2007,25.256,13.583
SNL,TEACHER ELEM,33825,0.0,8/12/2019,22.671,1.5
MES,TEACHER ELEM,33872,0.0,6/11/2012,25.256,8.667
FWE,TEACHER ELEM,33870,0.0,12/1/2016,42.619,4.167
SNL,TEACHER ELEM,33825,1.0,12/14/2015,19.472,5.167000000000001
SNL,TEACHER ELEM,33872,0.0,4/13/1998,26.234,22.833000000000002
MES,TEACHER ELEM,33875,1.0,12/1/2020,15.321,0.16699999999999998
SNL,TEACHER ELEM,33872,0.0,4/27/2009,26.234,11.833
WES,TEACHER ELEM,33875,0.0,5/9/2016,24.985,4.75
LPE,TEACHER ELEM,33876,1.0,12/18/2020,18.644000000000002,0.16699999999999998
LCE,TEACHER ELEM,33852,1.0,3/2/2015,19.059,5.917000000000001
LPE,TEACHER ELEM,33852,0.0,4/27/2020,42.865,0.833
MES,TEACHER ELEM,33875,0.0,3/28/2017,23.384,3.917
CTE,TEACHER ELEM,33875,0.0,1/22/2018,18.714000000000002,3.083
MES,TEACHER ELEM,33875,0.0,12/21/2002,22.326999999999998,18.167
MES,TEACHER ELEM,33825,0.0,1/11/2016,22.076,5.083
LPE,TEACHER ELEM,33852,1.0,2/19/1990,25.991,31.0
FWE,TEACHER ELEM,33875,0.0,2/25/2002,41.636,19.0
FWE,TEACHER ELEM,33825,1.0,12/29/2014,20.813000000000002,6.167000000000001
LPE,TEACHER ELEM,33876,0.0,11/10/2020,89.436,0.25
PES,TEACHER ELEM,33825,0.0,12/3/2007,26.138,13.167
KLC,TEACHER ELEM,33825,0.0,2/26/2017,18.625999999999998,4.0
LPE,TEACHER ELEM,33852,1.0,6/10/2002,26.234,18.667
AES,TEACHER ELEM,33825,1.0,12/9/2019,89.436,1.167
LPE,TEACHER ELEM,34266,1.0,5/30/2017,19.037,3.75
SNL,TEACHER ELEM,33825,1.0,12/10/2018,24.303,2.167
LPE,TEACHER ELEM,33852,1.0,10/19/2020,26.234,0.33299999999999996
SNL,TEACHER ELEM,33870,1.0,9/18/2017,23.884,3.417
LPE,TEACHER ELEM,33852,0.0,12/21/2020,21.967,0.16699999999999998
AES,TEACHER ELEM,33837,1.0,5/14/1990,84.49799999999999,30.75
MES,TEACHER ELEM,33872,0.0,1/23/2006,40.924,15.083
LPE,TEACHER ELEM,33936,0.0,11/9/2020,18.644000000000002,0.25
FWE,TEACHER ELEM,33875,0.0,6/5/2017,71.611,3.667
LCE,TEACHER ELEM,33852,0.0,6/17/2019,19.576,1.6669999999999998
LCE,TEACHER ELEM,33852,0.0,11/18/1996,65.01899999999999,24.25
WES,TEACHER ELEM,33870,0.0,12/27/2000,40.489000000000004,20.167
LCE,TEACHER ELEM,33852,0.0,2/3/2020,19.504,1.0
KLC,TEACHER ELEM,33411,0.0,11/11/2019,26.459,1.25
LPE,TEACHER ELEM,33852,0.0,5/11/1981,25.991,39.75
SNL,TEACHER ELEM,33875,0.0,4/22/1986,25.519000000000002,34.833
SNL,TEACHER ELEM,33825,0.0,9/2/1980,43.494,40.417
MES,TEACHER ELEM,33870,0.0,8/12/2019,22.671,1.5
KLC,TEACHER ELEM,33872,0.0,10/4/2005,28.885,15.333
LPE,TEACHER ELEM,33960,0.0,1/24/2018,36.395,3.083
CTE,TEACHER ELEM,33852,1.0,2/16/2010,59.646,11.0
MES,TEACHER ELEM,33875,1.0,2/3/2020,24.894000000000002,1.0
AES,TEACHER ELEM,33872,1.0,7/13/2020,41.478,0.583
PES,TEACHER ELEM,33872,1.0,8/6/2017,22.914,3.5
LCE,TEACHER ELEM,33852,0.0,11/9/2015,21.664,5.25
MES,TEACHER ELEM,32701,0.0,4/9/2012,40.924,8.833
SNL,TEACHER ELEM,33876,0.0,11/16/1999,19.472,21.25
WES,TEACHER ELEM,33875,0.0,7/22/1974,82.271,46.583
MES,TEACHER ELEM,33872,0.0,1/29/2013,22.662,8.083
PES,TEACHER ELEM,33825,0.0,7/14/2003,37.344,17.583
CTE,TEACHER ELEM,33825,0.0,8/24/2020,67.308,0.5
SNL,TEACHER ELEM,33872,1.0,6/8/2015,22.914,5.667000000000001
LPE,TEACHER ELEM,33852,1.0,11/17/2020,33.284,0.25
PES,TEACHER ELEM,33852,1.0,12/10/2018,31.736,2.167
KLC,TEACHER ELEM,33825,0.0,7/11/2016,59.423,4.583
LCE,TEACHER ELEM,33852,0.0,10/2/2012,56.852,8.333
SNL,TEACHER ELEM,33870,0.0,2/21/1994,20.445999999999998,27.0
AES,TEACHER ELEM,33825,0.0,8/9/2006,24.467,14.5
CTE,TEACHER ELEM,33870,0.0,3/11/2019,14.53,1.9169999999999998
FWE,TEACHER ELEM,33876,1.0,3/9/2009,39.615,11.917
MES,TEACHER ELEM,33872,0.0,8/2/2000,20.535,20.5
FWE,TEACHER ELEM,33852,1.0,6/27/2012,26.108,8.667
LPE,TEACHER ELEM,33852,1.0,11/14/1994,29.495,26.25
FWE,TEACHER ELEM,33852,0.0,2/4/2008,76.631,13.0
CTE,TEACHER ELEM,33875,0.0,8/11/2014,26.108,6.5
FWE,TEACHER ELEM,33870,0.0,8/6/2019,15.321,1.5
LCE,TEACHER ELEM,33852,0.0,12/16/2020,18.644000000000002,0.16699999999999998
WES,TEACHER ELEM,33875,0.0,2/10/2020,23.910999999999998,1.0
PES,TEACHER ELEM,33825,1.0,2/11/2019,20.555,2.0
PES,TEACHER ELEM,33870,0.0,10/13/2003,63.082,17.333
CTE,TEACHER ELEM,33875,0.0,3/9/2008,46.823,12.917
LCE,TEACHER ELEM,33872,0.0,11/12/1984,77.794,36.25
PES,TEACHER ELEM,33870,0.0,12/10/2007,19.395,13.167
LPE,TEACHER ELEM,33872,1.0,8/12/2019,67.282,1.5
MES,TEACHER ELEM,33825,0.0,5/9/2016,46.986999999999995,4.75
MES,TEACHER ELEM,33825,0.0,4/17/2014,42.452,6.832999999999999
KLC,TEACHER ELEM,33825,0.0,5/18/1992,35.53,28.75
PES,TEACHER ELEM,33872,0.0,11/23/1998,26.138,22.25
LPE,TEACHER ELEM,33852,0.0,3/13/2000,24.753,20.916999999999998
AES,TEACHER ELEM,33859,0.0,6/7/2002,56.852,18.667
FWE,TEACHER ELEM,33872,0.0,5/4/2015,26.908,5.75
WES,TEACHER ELEM,33825,1.0,8/6/2018,19.684,2.5
LPE,TEACHER ELEM,33852,1.0,4/11/2011,25.555999999999997,9.833
CTE,TEACHER ELEM,33875,0.0,5/12/2008,21.7,12.75
SNL,TEACHER ELEM,33875,0.0,2/3/2003,89.729,18.0
LPE,TEACHER ELEM,33875,1.0,12/17/2020,18.644000000000002,0.16699999999999998
SNL,TEACHER ELEM,33872,1.0,3/2/1977,28.506999999999998,43.917
FWE,TEACHER ELEM,33870,0.0,3/11/2002,59.646,18.917
WES,TEACHER ELEM,33875,1.0,10/29/2018,43.88399999999999,2.333
SNL,TEACHER ELEM,33872,0.0,7/10/2017,20.201,3.583
MES,TEACHER ELEM,33875,1.0,3/7/2016,27.3,4.917
SNL,TEACHER ELEM,33875,0.0,5/19/2004,44.178999999999995,16.75
SNL,TEACHER ELEM,33872,0.0,8/13/1984,90.46700000000001,36.5
CTE,TEACHER ELEM,33875,0.0,3/2/2017,70.646,3.917
MES,TEACHER ELEM,33898,0.0,9/11/2000,24.753,20.417
SNL,TEACHER ELEM,33875,1.0,7/8/2019,27.384,1.5830000000000002
FWE,TEACHER ELEM,33876,0.0,9/17/2018,22.671,2.417
KLC,TEACHER ELEM,33872,0.0,4/23/2014,25.256,6.832999999999999
SNL,TEACHER ELEM,33825,1.0,7/10/2000,26.234,20.583000000000002
AES,TEACHER ELEM,33825,0.0,1/11/2016,24.985,5.083
MES,TEACHER ELEM,33843,0.0,6/30/2008,76.642,12.667
MES,TEACHER ELEM,33876,0.0,12/18/2020,18.644000000000002,0.16699999999999998
CTE,TEACHER ELEM,33872,0.0,2/9/2015,25.999000000000002,6.0
SNL,TEACHER ELEM,33872,1.0,12/17/2020,18.644000000000002,0.16699999999999998
PES,TEACHER ELEM,33875,0.0,8/1/1990,42.155,30.5
KLC,TEACHER ELEM,33872,0.0,12/17/1990,20.445999999999998,30.166999999999998
LPE,TEACHER ELEM,33852,1.0,12/16/2020,18.644000000000002,0.16699999999999998
WES,TEACHER ELEM,33870,1.0,7/20/2020,90.87,0.583
WES,TEACHER ELEM,33875,0.0,4/6/2005,24.467,15.833
WES,TEACHER ELEM,33875,0.0,11/10/2003,20.535,17.25
WES,TEACHER ELEM,33875,0.0,1/7/2021,18.644000000000002,0.083
PES,TEACHER ELEM,34974,1.0,9/29/2003,52.647,17.417
CTE,TEACHER ELEM,33875,0.0,7/1/2019,28.211,1.5830000000000002
CTE,TEACHER ELEM,33875,0.0,10/30/2019,19.037,1.3330000000000002
AES,TEACHER ELEM,33825,0.0,7/28/2000,20.535,20.583000000000002
WES,TEACHER ELEM,33825,1.0,5/8/2017,19.576,3.75
SNL,TEACHER ELEM,33872,0.0,3/18/2013,30.778000000000002,7.917000000000001
LCE,TEACHER ELEM,33852,0.0,7/8/2019,27.393,1.5830000000000002
WES,TEACHER ELEM,33870,0.0,5/7/2018,25.256,2.75
SNL,TEACHER ELEM,33872,0.0,1/14/2019,48.239,2.083
CTE,TEACHER ELEM,33852,0.0,10/12/2020,21.526,0.33299999999999996
FWE,TEACHER ELEM,33870,0.0,8/5/1986,24.296999999999997,34.5
MES,TEACHER ELEM,33825,0.0,8/13/2018,15.665,2.5
CTE,TEACHER ELEM,33875,0.0,1/28/2013,25.555999999999997,8.083
FWE,TEACHER ELEM,33876,0.0,1/25/1998,29.834,23.083000000000002
SNL,TEACHER ELEM,33875,0.0,8/10/1981,33.321,39.5
SNL,TEACHER ELEM,33876,1.0,9/10/2012,82.00200000000001,8.417
PES,TEACHER ELEM,33870,0.0,9/11/2006,26.586,14.417
SNL,TEACHER ELEM,33876,0.0,6/8/2015,23.708000000000002,5.667000000000001
WES,TEACHER ELEM,33870,1.0,4/14/2003,23.686999999999998,17.833
MES,TEACHER ELEM,33872,0.0,7/5/2007,36.696,13.583
SNL,TEACHER ELEM,33872,1.0,3/2/2020,26.138,0.917
MES,TEACHER ELEM,33872,0.0,8/24/2020,43.992,0.5
SNL,TEACHER ELEM,33825,1.0,5/13/2013,25.555999999999997,7.75
FWE,TEACHER ELEM GF,33876,1.0,10/29/2019,25.198,1.3330000000000002
PES,TEACHER ELEM GF,33870,1.0,7/1/2019,28.211,1.5830000000000002
LCE,TEACHER ELEM GF,33870,0.0,10/31/2016,19.389,4.333
LCE,TEACHER ELEM GF,33852,0.0,4/12/1993,31.604,27.833000000000002
PES,TEACHER ELEM GF,33870,1.0,4/22/2019,16.34,1.8330000000000002
FWE,TEACHER ELEM GF,33875,1.0,11/4/2019,21.7,1.25
AES,TEACHER ELEM GF,33825,0.0,4/7/1997,41.536,23.833000000000002
CTE,TEACHER ELEM GF,33875,1.0,5/5/2014,26.138,6.75
KLC,TEACHER ELEM GF,33875,0.0,1/8/1997,46.808,24.083000000000002
FWE,TEACHER ELEM GF,33870,1.0,3/26/2015,22.662,5.917000000000001
AES,TEACHER ELEM GF,33825,1.0,7/22/2013,35.967,7.582999999999999
PES,TEACHER ELEM GF,33870,0.0,8/26/2019,20.555,1.5
WES,TEACHER ELEM GF,33875,1.0,12/14/2009,69.219,11.167
AES,TEACHER ELEM GF,33875,1.0,12/12/2005,22.65,15.167
CTE,TEACHER ELEM GF,33875,1.0,3/3/2020,25.429000000000002,0.917
LCE,TEACHER ELEM GF,33875,0.0,8/30/2016,21.816999999999997,4.5
PES,TEACHER ELEM GF,33825,1.0,2/8/2016,24.753,5.0
LPE,TEACHER ELEM GF,33852,1.0,10/3/2005,67.408,15.333
WES,TEACHER ELEM GF,33870,0.0,4/11/2011,36.249,9.833
LPE,TEACHER ELEM GF,33852,0.0,9/8/1998,67.49600000000001,22.416999999999998
MES,TEACHER ELEM GF,33875,1.0,4/8/2019,24.761999999999997,1.8330000000000002
LPE,TEACHER ELEM GF,33852,0.0,6/23/2016,26.234,4.667
SNL,TEACHER ELEM GF,33875,0.0,7/17/1990,23.331999999999997,30.583000000000002
CTE,TEACHER ELEM GF,33875,1.0,6/24/1991,54.147,29.666999999999998
MES,TEACHER ELEM GF,33825,1.0,11/2/2015,23.14,5.25
AES,TEACHER ELEM GF,33825,1.0,1/3/2000,45.942,21.083000000000002
WES,TEACHER ELEM GF,33870,0.0,8/31/2011,67.49600000000001,9.5
AES,TEACHER ELEM GF,33825,1.0,12/12/2011,25.555999999999997,9.167
LPE,TEACHER ELEM GF,33852,0.0,12/13/1999,80.002,21.166999999999998
LCE,TEACHER ELEM GF,33852,0.0,6/11/1984,31.416,36.667
WES,TEACHER ELEM GF,33872,1.0,8/7/2001,24.753,19.5
LCE,TEACHER ELEM GF,33852,1.0,7/10/2017,70.646,3.583
KLC,TEACHER ELEM GF,33875,0.0,12/5/2016,68.85600000000001,4.167
LPE,TEACHER ELEM GF,33852,1.0,2/24/2020,32.33,1.0
LCE,TEACHER ELEM GF,33875,1.0,9/3/2019,21.503,1.4169999999999998
PES,TEACHER ELEM GF,33875,1.0,8/6/2018,31.149,2.5
KLC,TEACHER ELEM GF,33870,0.0,2/5/2018,52.168,3.0
FWE,TEACHER ELEM GF,33871,1.0,9/5/2017,74.178,3.417
AES,TEACHER ELEM GF,33825,0.0,9/8/1997,26.234,23.416999999999998
LPE,TEACHER ELEM GF,33852,1.0,1/9/2017,26.234,4.083
WES,TEACHER ELEM GF,33870,1.0,8/27/2018,43.552,2.5
LCE,TEACHER ELEM GF,33852,0.0,4/20/2015,43.755,5.832999999999999
SNL,TEACHER ELEM GF,33875,0.0,1/9/2017,21.264,4.083
KLC,TEACHER ELEM GF,33872,0.0,6/11/2001,50.927,19.667
LPE,TEACHER ELEM GF,33862,1.0,6/18/1990,48.239,30.666999999999998
AES,TEACHER ELEM GF,33870,0.0,9/14/2020,23.14,0.41700000000000004
SNL,TEACHER ELEM GF,33825,1.0,12/3/2001,25.256,19.167
CTE,TEACHER ELEM GF,33876,1.0,1/11/2021,50.101000000000006,0.083
LPE,TEACHER ELEM GF,33852,1.0,7/1/2019,89.436,1.5830000000000002
LCE,TEACHER ELEM GF,33852,1.0,4/9/2018,95.634,2.833
FWE,TEACHER ELEM GF,33852,1.0,8/26/1978,29.37,42.5
AES,TEACHER ELEM GF,33825,1.0,10/3/2016,33.264,4.333
WES,TEACHER ELEM GF,33870,1.0,3/9/2020,42.865,0.917
AES,TEACHER ELEM GF,33825,1.0,7/24/2007,44.576,13.583
PES,TEACHER ELEM GF,33825,1.0,8/24/2020,22.445999999999998,0.5
KLC,TEACHER ELEM GF,33872,0.0,8/31/2000,26.138,20.5
SNL,TEACHER ELEM GF,33872,1.0,7/14/2008,71.611,12.583
AES,TEACHER ELEM GF,33825,1.0,3/13/2006,21.7,14.917
MES,TEACHER ELEM GF,33872,0.0,1/17/2018,16.090999999999998,3.083
WES,TEACHER ELEM GF,33870,0.0,11/11/2019,18.65,1.25
CTE,TEACHER ELEM GF,33890,0.0,6/17/2002,26.362,18.667
AES,TEACHER ELEM GF,33825,1.0,4/28/2011,26.586,9.833
FWE,TEACHER ELEM GF,33875,1.0,1/9/2017,26.234,4.083
LCE,TEACHER ELEM GF,33852,0.0,5/26/2020,18.746,0.75
WES,TEACHER ELEM GF,33875,1.0,7/9/2003,41.67100000000001,17.583
WES,TEACHER ELEM GF,33825,0.0,12/4/2015,23.998,5.167000000000001
AES,TEACHER ELEM GF,33825,1.0,5/8/2017,40.431999999999995,3.75
AES,TEACHER ELEM GF,33870,1.0,8/20/2018,47.598,2.5
FWE,TEACHER ELEM GF,33875,1.0,3/12/2018,36.216,2.917
FWE,TEACHER ELEM GF,33870,1.0,3/9/2020,19.037,0.917
PES,TEACHER ELEM GF,33870,1.0,4/29/2002,23.884,18.833
LPE,TEACHER ELEM GF,33872,1.0,1/7/2021,18.644000000000002,0.083
AES,TEACHER ELEM GF,33870,1.0,5/21/2019,22.039,1.75
SNL,TEACHER ELEM GF,33852,0.0,8/19/1999,24.303,21.5
MES,TEACHER ELEM GF,33875,0.0,2/25/2020,14.595,1.0
WES,TEACHER ELEM GF,33875,1.0,2/5/1996,26.138,25.0
CTE,TEACHER ELEM GF,33875,1.0,6/16/1997,45.942,23.666999999999998
LCE,TEACHER ELEM GF,33852,0.0,9/9/2019,44.982,1.4169999999999998
LPE,TEACHER ELEM GF,33852,0.0,6/11/2018,27.393,2.667
MES,TEACHER ELEM GF,33825,0.0,9/10/2018,73.902,2.417
PES,TEACHER ELEM GF,33825,1.0,8/9/1993,32.705999999999996,27.5
SNL,TEACHER ELEM GF,33825,0.0,9/11/2020,16.02,0.41700000000000004
CTE,TEACHER ELEM GF,33825,0.0,7/9/2012,23.795,8.583
PES,TEACHER ELEM GF,33825,0.0,9/27/2005,59.765,15.417
PES,TEACHER ELEM GF,33825,0.0,5/5/1997,20.535,23.75
CTE,TEACHER ELEM GF,33871,1.0,9/11/1995,52.57,25.416999999999998
AES,TEACHER ELEM GF,33870,1.0,3/11/2013,23.795,7.917000000000001
FWE,TEACHER ELEM GF,33875,0.0,2/27/2018,33.667,3.0
WES,TEACHER ELEM GF,33872,1.0,5/4/2015,35.933,5.75
LPE,TEACHER ELEM GF,33852,1.0,3/11/2019,25.256,1.9169999999999998
FWE,TEACHER ELEM GF,33875,1.0,11/11/2019,15.321,1.25
FWE,TEACHER ELEM GF,33875,1.0,6/3/2019,23.686999999999998,1.6669999999999998
PES,TEACHER ELEM GF,33825,0.0,6/20/2011,40.924,9.667
MES,TEACHER ELEM GF,33870,1.0,11/14/2018,64.078,2.25
CTE,TEACHER ELEM GF,33875,1.0,7/6/2004,21.7,16.583
FWE,TEACHER ELEM GF,33870,1.0,1/16/2006,96.71799999999999,15.083
CTE,TEACHER ELEM GF,33875,1.0,4/16/2002,30.018,18.833
CTE,TEACHER ELEM GF,33870,1.0,7/10/2017,36.345,3.583
CTE,TEACHER ELEM GF,33875,1.0,8/13/2001,23.14,19.5
LPE,TEACHER ELEM GF,33870,1.0,8/7/2017,22.559,3.5
PES,TEACHER ELEM GF,33875,0.0,7/8/2019,67.282,1.5830000000000002
WES,TEACHER ELEM GF,33875,1.0,1/16/1991,58.364,30.083000000000002
CTE,TEACHER ELEM GF,33875,0.0,5/12/2014,21.381999999999998,6.75
AES,TEACHER ELEM GF,33875,0.0,9/29/2020,14.35,0.41700000000000004
LPE,TEACHER ELEM GF,33852,0.0,6/9/1986,30.33,34.667
LCE,TEACHER ELEM GF,33852,0.0,9/23/2002,40.924,18.417
LCE,TEACHER ELEM GF,33852,0.0,8/12/2019,48.016000000000005,1.5
FWE,TEACHER ELEM GF,33825,0.0,7/8/1985,72.28,35.583
AES,TEACHER ELEM GF,33825,0.0,12/31/1986,29.495,34.167
AES,TEACHER ELEM GF,33875,1.0,8/1/2006,44.576,14.5
LCE,TEACHER ELEM GF,33875,0.0,2/3/2020,55.585,1.0
LPE,TEACHER ELEM GF,33876,0.0,4/9/2012,49.278999999999996,8.833
WES,TEACHER ELEM GF,33870,1.0,10/14/2019,78.553,1.3330000000000002
PES,TEACHER ELEM GF,33825,0.0,11/1/1999,48.423,21.25
WES,TEACHER ELEM GF,33875,1.0,4/10/2017,16.820999999999998,3.833
KLC,TEACHER ELEM GF,33852,0.0,1/9/2017,22.662,4.083
FWE,TEACHER ELEM GF,33875,1.0,8/1/2005,39.711,15.5
CTE,TEACHER ELEM GF,33875,1.0,6/12/2017,41.83,3.667
CTE,TEACHER ELEM GF,33872,0.0,3/1/2007,62.603,13.917
CTE,TEACHER ELEM GF,33875,0.0,9/26/2006,26.362,14.417
FWE,TEACHER ELEM GF,33872,1.0,7/10/2017,19.287,3.583
MES,TEACHER ELEM GF,33870,0.0,12/21/1997,24.753,23.166999999999998
FWE,TEACHER ELEM GF,33872,1.0,12/16/2020,18.644000000000002,0.16699999999999998
WES,TEACHER ELEM GF,33876,1.0,7/5/2016,23.375999999999998,4.583
AES,TEACHER ELEM GF,33825,1.0,9/17/2018,33.301,2.417
PES,TEACHER ELEM GF,33825,0.0,2/17/2012,72.819,9.0
PES,TEACHER ELEM GF,33825,1.0,4/11/2011,22.271,9.833
AES,TEACHER ELEM GF,33825,1.0,2/10/2020,25.555999999999997,1.0
LPE,TEACHER ELEM GF,33852,0.0,5/8/2017,25.772,3.75
CTE,TEACHER ELEM GF,33852,0.0,7/16/2018,58.656000000000006,2.583
AES,TEACHER ELEM GF,33870,1.0,1/13/2020,20.561999999999998,1.083
PES,TEACHER ELEM GF,33870,0.0,7/2/2008,19.472,12.583
LCE,TEACHER ELEM GF,33875,0.0,7/2/2018,67.282,2.583
SNL,TEACHER ELEM GF,33825,1.0,12/30/1999,44.576,21.166999999999998
MES,TEACHER ELEM GF,33825,1.0,4/19/1984,49.148999999999994,36.833
PES,TEACHER ELEM GF,33825,1.0,1/28/2002,41.07899999999999,19.083
AES,TEACHER ELEM GF,33825,1.0,8/11/2014,54.913999999999994,6.5
MES,TEACHER ELEM GF,33875,1.0,9/1/2016,31.0,4.417
WES,TEACHER ELEM GF,33870,1.0,8/13/2007,29.944000000000003,13.5
LCE,TEACHER ELEM GF,33852,0.0,7/1/1987,49.148999999999994,33.583
LPE,TEACHER ELEM GF,33862,0.0,8/12/2019,76.631,1.5
MES,TEACHER ELEM GF,33825,1.0,1/13/2020,24.545,1.083
FWE,TEACHER ELEM GF,33875,1.0,3/24/2002,20.535,18.917
WES,TEACHER ELEM GF,33870,1.0,11/3/2014,26.138,6.25
WES,TEACHER ELEM GF,33876,1.0,4/1/2002,23.14,18.833
WES,TEACHER ELEM GF,33870,1.0,6/7/2010,28.09,10.667
WES,TEACHER ELEM GF,33872,0.0,5/18/1992,30.232,28.75
KLC,TEACHER ELEM GF,33872,0.0,7/8/2002,21.381999999999998,18.583
MES,TEACHER ELEM GF,33870,1.0,11/12/2012,22.076,8.25
LPE,TEACHER ELEM GF,33852,1.0,12/14/1998,62.541000000000004,22.166999999999998
LCE,TEACHER ELEM GF,33852,0.0,1/3/2007,44.576,14.083
WES,TEACHER ELEM GF,33870,0.0,9/10/2012,29.834,8.417
AES,TEACHER ELEM GF,33875,1.0,4/16/2007,52.083999999999996,13.833
WES,TEACHER ELEM GF,33875,0.0,7/27/2011,25.37,9.583
LCE,TEACHER ELEM GF,33852,0.0,3/13/2017,25.256,3.917
PES,TEACHER ELEM GF,33870,0.0,2/8/2016,44.323,5.0
CTE,TEACHER ELEM GF,33875,1.0,7/10/2017,43.88399999999999,3.583
LCE,TEACHER ELEM GF,33872,1.0,10/20/2006,26.138,14.333
AES,TEACHER ELEM GF,33825,1.0,9/13/1981,46.388000000000005,39.417
KLC,TEACHER ELEM GF,33872,0.0,2/8/2016,17.74,5.0
KLC,TEACHER ELEM GF,33825,0.0,2/24/1978,23.443,43.0
FWE,TEACHER ELEM GF,33872,1.0,4/7/2007,24.985,13.833
CTE,TEACHER ELEM GF,33875,0.0,12/7/2020,57.692,0.16699999999999998
LCE,TEACHER ELEM GF,33870,1.0,8/12/1996,24.753,24.5
LPE,TEACHER ELEM GF,33852,1.0,6/12/2017,19.395,3.667
AES,TEACHER ELEM GF,33826,1.0,9/10/2018,54.376000000000005,2.417
AES,TEACHER ELEM GF,33826,1.0,7/7/2014,77.24,6.582999999999999
LPE,TEACHER ELEM GF,33852,1.0,3/9/2020,22.671,0.917
LCE,TEACHER ELEM GF,33852,1.0,7/3/1975,90.164,45.583
LCE,TEACHER ELEM GF,33852,0.0,5/4/2011,27.916,9.75
MES,TEACHER ELEM GF,33825,0.0,4/2/2001,60.68899999999999,19.833
MES,TEACHER ELEM GF,33875,1.0,5/17/2017,34.078,3.75
FWE,TEACHER ELEM GF,33870,1.0,12/9/2019,27.414,1.167
PES,TEACHER ELEM GF,33875,0.0,5/1/2018,24.405,2.75
WES,TEACHER ELEM GF,33875,1.0,8/4/2008,27.51,12.5
CTE,TEACHER ELEM GF,33872,1.0,1/8/2018,22.579,3.083
APH,TEACHER HIGH,33825,0.0,3/15/2007,54.729,13.917
SHS,TEACHER HIGH,33873,1.0,3/9/2009,21.381999999999998,11.917
SHS,TEACHER HIGH,33870,0.0,1/13/2020,31.06,1.083
APH,TEACHER HIGH,33825,0.0,12/1/2005,20.535,15.167
LPH,TEACHER HIGH,33872,0.0,7/5/2017,69.008,3.583
APH,TEACHER HIGH,33825,1.0,3/9/2020,48.239,0.917
LPH,TEACHER HIGH,33852,0.0,6/13/2016,39.615,4.667
APH,TEACHER HIGH,33870,0.0,3/11/2019,24.998,1.9169999999999998
SHS,TEACHER HIGH,33872,1.0,11/14/1996,26.586,24.25
APH,TEACHER HIGH,33875,0.0,3/11/2013,55.585,7.917000000000001
APH,TEACHER HIGH,33825,0.0,3/29/2006,39.687,14.917
LPH,TEACHER HIGH,33852,0.0,2/26/2018,20.666999999999998,3.0
APH,TEACHER HIGH,33852,0.0,4/17/2017,31.149,3.833
SHS,TEACHER HIGH,33825,1.0,7/10/2017,27.781999999999996,3.583
SHS,TEACHER HIGH,33870,0.0,8/8/2016,22.662,4.5
APH,TEACHER HIGH,33825,1.0,9/12/1988,59.622,32.417
APH,TEACHER HIGH,33825,1.0,4/13/2015,56.852,5.832999999999999
SHS,TEACHER HIGH,33870,0.0,3/9/2020,34.948,0.917
SHS,TEACHER HIGH,33870,1.0,11/9/2020,18.162,0.25
APH,TEACHER HIGH,33843,1.0,9/18/2017,21.7,3.417
SHS,TEACHER HIGH,33825,1.0,1/9/2017,22.328000000000003,4.083
LPH,TEACHER HIGH,33852,0.0,8/1/2012,54.28,8.5
LPH,TEACHER HIGH,33876,0.0,4/23/2019,14.53,1.8330000000000002
SHS,TEACHER HIGH,33875,1.0,5/8/2008,19.993,12.75
LPH,TEACHER HIGH,33876,0.0,10/8/2001,26.234,19.333
LPH,TEACHER HIGH,33870,0.0,2/27/1987,48.239,34.0
LPH,TEACHER HIGH,34746,0.0,9/9/2019,17.45,1.4169999999999998
SHS,TEACHER HIGH,33834,0.0,12/3/2007,21.455,13.167
SHS,TEACHER HIGH,33870,0.0,5/12/2014,23.14,6.75
APH,TEACHER HIGH,33825,0.0,1/25/2007,23.384,14.083
LPH,TEACHER HIGH,33870,0.0,2/11/2019,26.586,2.0
APH,TEACHER HIGH,33870,0.0,5/27/2019,28.753,1.75
SHS,TEACHER HIGH,33870,0.0,7/9/2018,16.660999999999998,2.583
SHS,TEACHER HIGH,33870,1.0,1/9/2001,31.149,20.083
APH,TEACHER HIGH,33875,1.0,11/13/2000,40.457,20.25
SHS,TEACHER HIGH,33870,0.0,9/4/2015,42.619,5.417000000000001
APH,TEACHER HIGH,33875,1.0,4/12/2010,31.107,10.833
SHS,TEACHER HIGH,33852,0.0,2/5/2018,28.09,3.0
APH,TEACHER HIGH,33825,0.0,8/18/2014,22.671,6.5
LPH,TEACHER HIGH,33852,1.0,5/17/2018,55.585,2.75
APH,TEACHER HIGH,33825,0.0,4/12/2004,26.234,16.833
APH,TEACHER HIGH,33872,0.0,7/10/2000,81.818,20.583000000000002
APH,TEACHER HIGH,33825,0.0,12/10/2001,44.576,19.167
SHS,TEACHER HIGH,33875,1.0,12/11/2006,40.924,14.167
LPH,TEACHER HIGH,33852,1.0,4/13/2015,21.59,5.832999999999999
LPH,TEACHER HIGH,33872,1.0,5/8/2017,22.326999999999998,3.75
LPH,TEACHER HIGH,33852,0.0,1/7/2021,18.644000000000002,0.083
APH,TEACHER HIGH,33875,0.0,9/15/2020,19.472,0.41700000000000004
LPH,TEACHER HIGH,33852,0.0,7/11/2011,27.149,9.583
SHS,TEACHER HIGH,33872,1.0,2/26/2018,18.47,3.0
APH,TEACHER HIGH,33852,0.0,3/14/2005,20.535,15.917
SHS,TEACHER HIGH,33870,0.0,10/27/2020,41.478,0.33299999999999996
SHS,TEACHER HIGH,33825,1.0,6/5/2004,26.138,16.667
APH,TEACHER HIGH,33825,0.0,7/14/1997,89.436,23.583000000000002
SHS,TEACHER HIGH,33875,0.0,7/1/2019,28.211,1.5830000000000002
LPH,TEACHER HIGH,33852,0.0,12/3/2020,26.088,0.16699999999999998
SHS,TEACHER HIGH,33872,1.0,9/14/2020,28.401999999999997,0.41700000000000004
LPH,TEACHER HIGH,33912,1.0,12/14/2015,22.65,5.167000000000001
SHS,TEACHER HIGH,33852,0.0,5/8/2001,41.536,19.75
SHS,TEACHER HIGH,33876,1.0,12/16/2020,18.644000000000002,0.16699999999999998
SHS,TEACHER HIGH,33825,0.0,12/27/2016,26.586,4.167
APH,TEACHER HIGH,33872,1.0,8/26/2002,56.852,18.5
LPH,TEACHER HIGH,33852,0.0,9/14/1990,33.321,30.416999999999998
SHS,TEACHER HIGH,33875,0.0,9/12/1989,57.714,31.416999999999998
LPH,TEACHER HIGH,33875,0.0,11/13/2006,23.384,14.25
SHS,TEACHER HIGH,33852,0.0,1/9/2006,37.74,15.083
SHS,TEACHER HIGH,33857,0.0,10/20/2008,19.472,12.333
SHS,TEACHER HIGH GF,33872,1.0,2/7/2005,86.15700000000001,16.0
APH,TEACHER HIGH GF,33825,1.0,12/18/2020,18.644000000000002,0.16699999999999998
SHS,TEACHER HIGH GF,33870,0.0,7/9/2018,25.555999999999997,2.583
SHS,TEACHER HIGH GF,33870,0.0,10/1/2018,21.59,2.333
SHS,TEACHER HIGH GF,33852,0.0,12/28/1987,46.54,33.167
APH,TEACHER HIGH GF,33825,0.0,11/11/2019,23.14,1.25
APH,TEACHER HIGH GF,33826,1.0,9/19/2005,31.149,15.417
APH,TEACHER HIGH GF,33870,1.0,10/10/2016,55.585,4.333
SHS,TEACHER HIGH GF,33872,1.0,11/12/2007,26.234,13.25
SHS,TEACHER HIGH GF,33852,1.0,9/17/2020,18.892,0.41700000000000004
SHS,TEACHER HIGH GF,33875,0.0,7/14/2003,26.234,17.583
SHS,TEACHER HIGH GF,33870,1.0,4/20/2020,26.234,0.833
SHS,TEACHER HIGH GF,33872,0.0,6/2/1997,19.472,23.666999999999998
SHS,TEACHER HIGH GF,33870,0.0,4/10/2017,36.249,3.833
SHS,TEACHER HIGH GF,33825,1.0,6/12/2017,26.234,3.667
SHS,TEACHER HIGH GF,34972,1.0,1/12/2015,42.513000000000005,6.082999999999999
LPH,TEACHER HIGH GF,33876,1.0,5/21/2018,98.55799999999999,2.75
LPH,TEACHER HIGH GF,33876,0.0,1/12/1981,81.208,40.083
LPH,TEACHER HIGH GF,33852,0.0,8/29/2016,21.854,4.5
APH,TEACHER HIGH GF,33870,1.0,1/14/2002,45.942,19.083
APH,TEACHER HIGH GF,33825,1.0,8/26/2002,31.149,18.5
SHS,TEACHER HIGH GF,33872,1.0,1/8/2007,23.384,14.083
SHS,TEACHER HIGH GF,33870,0.0,6/28/2008,27.055999999999997,12.667
APH,TEACHER HIGH GF,34211,0.0,4/20/2020,37.415,0.833
SHS,TEACHER HIGH GF,33825,1.0,8/23/2018,20.83,2.5
APH,TEACHER HIGH GF,33872,0.0,10/19/2020,26.234,0.33299999999999996
SHS,TEACHER HIGH GF,33852,1.0,3/21/1985,48.821000000000005,35.917
LPH,TEACHER HIGH GF,33852,1.0,5/13/2019,15.790999999999999,1.75
APH,TEACHER HIGH GF,33825,1.0,5/17/1990,35.703,30.75
LPH,TEACHER HIGH GF,33852,0.0,9/18/2017,19.684,3.417
LPH,TEACHER HIGH GF,33872,0.0,6/8/2020,18.892,0.667
LPH,TEACHER HIGH GF,33862,0.0,1/14/1979,24.553,42.083
SHS,TEACHER HIGH GF,33875,1.0,12/6/2020,16.753,0.16699999999999998
LPH,TEACHER HIGH GF,33960,0.0,9/25/2015,25.865,5.417000000000001
APH,TEACHER HIGH GF,33825,1.0,9/6/2017,32.591,3.417
APH,TEACHER HIGH GF,33825,0.0,2/1/2017,24.753,4.0
SHS,TEACHER HIGH GF,33875,0.0,8/23/2005,19.472,15.5
SHS,TEACHER HIGH GF,33872,0.0,2/28/2009,26.234,12.0
LPH,TEACHER HIGH GF,33852,1.0,5/8/2017,29.834,3.75
APH,TEACHER HIGH GF,33870,0.0,2/11/2019,19.576,2.0
LPH,TEACHER HIGH GF,33870,1.0,7/10/2017,48.239,3.583
APH,TEACHER HIGH GF,33825,1.0,4/3/2000,54.729,20.833000000000002
LPH,TEACHER HIGH GF,33852,0.0,5/19/1993,27.445,27.75
SHS,TEACHER HIGH GF,33870,0.0,6/10/1991,49.148999999999994,29.666999999999998
LPH,TEACHER HIGH GF,33852,1.0,12/24/2003,26.234,17.167
APH,TEACHER HIGH GF,33825,1.0,10/1/2018,67.282,2.333
APH,TEACHER HIGH GF,33875,1.0,6/11/2008,21.888,12.667
LPH,TEACHER HIGH GF,33875,0.0,3/10/1986,63.95,34.917
LPH,TEACHER HIGH GF,33875,1.0,4/29/2019,53.387,1.8330000000000002
SHS,TEACHER HIGH GF,33871,0.0,7/1/2019,14.918,1.5830000000000002
APH,TEACHER HIGH GF,33825,1.0,5/13/2019,20.631999999999998,1.75
SHS,TEACHER HIGH GF,33825,0.0,10/13/1997,24.753,23.333000000000002
APH,TEACHER HIGH GF,33825,1.0,12/17/2020,18.644000000000002,0.16699999999999998
APH,TEACHER HIGH GF,33825,1.0,3/13/2017,20.778000000000002,3.917
LPH,TEACHER HIGH GF,33852,0.0,9/8/2008,25.555999999999997,12.417
APH,TEACHER HIGH GF,33870,1.0,10/14/2020,36.27,0.33299999999999996
APH,TEACHER HIGH GF,33825,0.0,8/28/2006,27.421999999999997,14.5
APH,TEACHER HIGH GF,33825,1.0,11/6/2020,52.349,0.25
APH,TEACHER HIGH GF,33825,1.0,1/7/2018,22.131,3.083
LPH,TEACHER HIGH GF,33852,1.0,11/13/2017,18.322,3.25
APH,TEACHER HIGH GF,33825,0.0,1/11/2016,22.662,5.083
SHS,TEACHER HIGH GF,33870,0.0,11/16/2020,42.865,0.25
SHS,TEACHER HIGH GF,33870,0.0,4/10/2017,48.239,3.833
APH,TEACHER HIGH GF,33872,1.0,4/10/2017,24.998,3.833
APH,TEACHER HIGH GF,33852,1.0,1/2/2020,41.57899999999999,1.083
APH,TEACHER HIGH GF,33870,1.0,4/7/1986,27.158,34.833
SHS,TEACHER HIGH GF,33825,1.0,12/8/2003,29.834,17.167
SHS,TEACHER HIGH GF,33825,1.0,8/11/2014,38.975,6.5
SHS,TEACHER HIGH GF,33876,0.0,8/6/2019,23.243000000000002,1.5
SHS,TEACHER HIGH GF,33870,0.0,10/17/2019,58.894,1.3330000000000002
APH,TEACHER HIGH GF,33825,1.0,11/15/2010,53.198,10.25
SHS,TEACHER HIGH GF,33825,1.0,12/13/2002,21.583000000000002,18.167
APH,TEACHER HIGH GF,33825,1.0,7/18/2014,21.383000000000003,6.582999999999999
APH,TEACHER HIGH GF,33825,1.0,12/18/2020,18.644000000000002,0.16699999999999998
SHS,TEACHER HIGH GF,33870,0.0,10/29/2007,46.161,13.333
SHS,TEACHER HIGH GF,33875,0.0,5/29/2001,56.852,19.75
LPH,TEACHER HIGH GF,33852,0.0,1/9/2017,25.555999999999997,4.083
LPH,TEACHER HIGH GF,33852,0.0,11/1/2006,57.788999999999994,14.25
SHS,TEACHER HIGH GF,33872,0.0,10/4/2002,44.576,18.333
SHS,TEACHER HIGH GF,33876,1.0,7/1/2019,89.436,1.5830000000000002
SHS,TEACHER HIGH GF,33870,1.0,2/11/2019,38.214,2.0
APH,TEACHER HIGH GF,33825,0.0,11/14/2016,84.49799999999999,4.25
SHS,TEACHER HIGH GF,33825,0.0,2/10/2020,21.381999999999998,1.0
LPH,TEACHER HIGH GF,33852,0.0,6/10/2019,20.555,1.6669999999999998
SHS,TEACHER HIGH GF,33870,1.0,1/23/2017,31.313000000000002,4.083
LPH,TEACHER HIGH GF,33852,0.0,7/1/2020,27.193,0.583
LPH,TEACHER HIGH GF,33852,1.0,7/27/2011,41.83,9.583
SHS,TEACHER HIGH GF,33875,1.0,9/25/2007,46.943999999999996,13.417
SHS,TEACHER HIGH GF,33870,1.0,9/11/1989,75.882,31.416999999999998
APH,TEACHER HIGH GF,33872,1.0,11/10/2014,48.239,6.25
SHS,TEACHER HIGH GF,33870,1.0,7/16/1990,22.947,30.583000000000002
LPH,TEACHER HIGH GF,33870,1.0,10/14/2019,89.436,1.3330000000000002
SHS,TEACHER HIGH GF,33875,1.0,12/15/2020,42.865,0.16699999999999998
SHS,TEACHER HIGH GF,33875,1.0,10/28/1996,26.586,24.333000000000002
SHS,TEACHER HIGH GF,33875,1.0,3/10/2008,26.138,12.917
APH,TEACHER HIGH GF,33826,0.0,8/8/2005,62.516000000000005,15.5
LPH,TEACHER HIGH GF,33852,0.0,11/11/2019,42.865,1.25
SHS,TEACHER HIGH GF,33872,1.0,7/30/2019,29.56,1.5830000000000002
SHS,TEACHER HIGH GF,33825,0.0,11/28/2005,52.647,15.25
SHS,TEACHER HIGH GF,33870,0.0,12/2/2004,23.991999999999997,16.167
SHS,TEACHER HIGH GF,33875,1.0,7/25/2016,28.750999999999998,4.583
SHS,TEACHER HIGH GF,33876,1.0,11/9/2020,16.444000000000003,0.25
LPH,TEACHER HIGH GF,33852,1.0,7/1/2016,23.14,4.583
SHS,TEACHER HIGH GF,33825,0.0,10/13/2008,22.326999999999998,12.333
LPH,TEACHER HIGH GF,33852,1.0,6/26/2019,44.576,1.6669999999999998
LPH,TEACHER HIGH GF,33852,0.0,1/7/2021,18.644000000000002,0.083
SHS,TEACHER HIGH GF,33875,1.0,8/6/2018,51.648,2.5
SHS,TEACHER HIGH GF,33875,1.0,4/9/2018,62.541000000000004,2.833
APH,TEACHER HIGH GF,33870,1.0,11/23/2015,26.234,5.25
APH,TEACHER HIGH GF,33825,0.0,3/30/2020,15.790999999999999,0.917
SHS,TEACHER HIGH GF,33870,0.0,7/8/2014,19.558,6.582999999999999
SHS,TEACHER HIGH GF,33875,0.0,1/27/2020,36.725,1.083
SHS,TEACHER HIGH GF,33870,1.0,11/14/2005,26.234,15.25
SHS,TEACHER HIGH GF,33870,1.0,7/25/2005,21.7,15.583
LPH,TEACHER HIGH GF,33852,0.0,11/9/2016,18.545,4.25
SHS,TEACHER HIGH GF,33870,1.0,4/25/2018,16.090999999999998,2.833
SHS,TEACHER HIGH GF,33875,1.0,9/6/2011,30.835,9.417
SHS,TEACHER HIGH GF,33872,1.0,3/2/2018,48.964,2.917
SHS,TEACHER HIGH GF,33875,1.0,3/5/2018,45.478,2.917
LPH,TEACHER HIGH GF,33870,1.0,1/22/2018,19.684,3.083
SHS,TEACHER HIGH GF,33875,0.0,8/12/2019,15.321,1.5
APH,TEACHER HIGH GF,33825,1.0,6/22/2004,21.381999999999998,16.667
SHS,TEACHER HIGH GF,33876,1.0,4/7/2020,15.321,0.833
APH,TEACHER HIGH GF,33870,0.0,3/1/2004,31.734,16.917
SHS,TEACHER HIGH GF,33872,1.0,12/2/1996,35.503,24.166999999999998
APH,TEACHER HIGH GF,33872,1.0,10/28/2019,38.894,1.3330000000000002
LPH,TEACHER HIGH GF,33991,0.0,11/26/2001,26.234,19.25
APH,TEACHER HIGH GF,33825,0.0,6/24/1998,56.106,22.666999999999998
SHS,TEACHER HIGH GF,33875,0.0,5/13/2013,25.555999999999997,7.75
SHS,TEACHER HIGH GF,33875,0.0,8/1/1998,26.234,22.5
LPH,TEACHER HIGH GF,33852,0.0,3/9/2020,67.49600000000001,0.917
APH,TEACHER HIGH GF,33825,0.0,7/27/1999,28.885,21.583000000000002
APH,TEACHER HIGH GF,33872,1.0,11/9/2020,20.024,0.25
LPH,TEACHER HIGH GF,33852,1.0,12/14/2015,27.421999999999997,5.167000000000001
SHS,TEACHER HIGH GF,33870,0.0,8/3/2007,47.5,13.5
APH,TEACHER HIGH GF,33870,1.0,8/11/1997,26.234,23.5
SMS,TEACHER MID,33875,0.0,12/19/2011,19.993,9.167
LPM,TEACHER MID,33875,0.0,10/13/2014,30.538,6.332999999999999
HGM,TEACHER MID,33876,0.0,11/13/1989,68.707,31.25
APM,TEACHER MID,33852,1.0,7/9/2000,24.998,20.583000000000002
LPM,TEACHER MID,33876,0.0,7/1/2019,28.211,1.5830000000000002
SMS,TEACHER MID,33876,0.0,3/31/2019,17.267,1.9169999999999998
HGM,TEACHER MID,33872,0.0,4/6/1997,29.834,23.833000000000002
SMS,TEACHER MID,33875,0.0,9/22/2003,23.14,17.417
LPM,TEACHER MID,33852,0.0,12/18/2020,18.644000000000002,0.16699999999999998
LPM,TEACHER MID,33852,0.0,4/5/1993,40.471,27.833000000000002
SMS,TEACHER MID,33875,0.0,7/13/2020,18.644000000000002,0.583
HGM,TEACHER MID,33857,1.0,11/19/2007,22.261999999999997,13.25
LPM,TEACHER MID,33852,0.0,2/14/2000,85.87,21.0
APM,TEACHER MID,33825,0.0,12/16/2020,18.644000000000002,0.16699999999999998
APM,TEACHER MID,33872,1.0,5/13/2019,20.024,1.75
HGM,TEACHER MID,33825,0.0,5/2/2016,23.998,4.75
LPM,TEACHER MID,33875,0.0,10/20/2008,21.897,12.333
LPM,TEACHER MID,33852,0.0,1/3/2011,21.7,10.083
SMS,TEACHER MID,33872,0.0,2/10/2020,18.162,1.0
LPM,TEACHER MID,33875,1.0,3/30/2015,18.625999999999998,5.917000000000001
HGM,TEACHER MID,33870,0.0,12/16/2002,26.138,18.167
SMS,TEACHER MID,33875,0.0,2/17/1992,27.445,29.0
HGM,TEACHER MID,33852,0.0,12/16/2020,18.644000000000002,0.16699999999999998
APM,TEACHER MID,33825,1.0,4/10/2017,21.025,3.833
SMS,TEACHER MID,33872,1.0,8/6/2019,15.321,1.5
SMS,TEACHER MID,33876,1.0,5/14/2001,79.191,19.75
APM,TEACHER MID,33843,1.0,4/23/2014,55.585,6.832999999999999
HGM,TEACHER MID,33825,0.0,6/30/2005,44.178999999999995,15.667
APM,TEACHER MID,33872,0.0,7/28/2003,35.044000000000004,17.583
SMS,TEACHER MID,33870,0.0,2/18/2020,18.85,1.0
LPM,TEACHER MID,33870,0.0,8/13/2007,41.885,13.5
APM,TEACHER MID,33875,0.0,8/11/2014,27.413,6.5
HGM,TEACHER MID,33875,0.0,2/2/2005,31.05,16.0
LPM,TEACHER MID,33852,0.0,7/21/2006,39.615,14.583
APM,TEACHER MID,33870,0.0,9/9/2013,24.985,7.417000000000001
LPM,TEACHER MID,33875,1.0,4/15/1996,26.605,24.833000000000002
LPM,TEACHER MID,33852,0.0,12/17/2020,18.644000000000002,0.16699999999999998
HGM,TEACHER MID,33870,1.0,2/11/2019,17.267,2.0
HGM,TEACHER MID,33872,0.0,6/10/2019,19.558,1.6669999999999998
HGM,TEACHER MID,33872,0.0,4/12/2020,15.423,0.833
LPM,TEACHER MID,33852,0.0,9/24/2016,57.41,4.417
HGM,TEACHER MID,33870,0.0,3/21/2003,26.234,17.917
LPM,TEACHER MID,33825,0.0,1/14/1989,61.489,32.083
LPM,TEACHER MID,33852,0.0,9/14/2020,42.865,0.41700000000000004
LPM,TEACHER MID,33852,0.0,8/13/2018,20.666999999999998,2.5
HGM,TEACHER MID,33872,0.0,9/11/2006,29.834,14.417
APM,TEACHER MID,33825,0.0,5/4/2015,53.846000000000004,5.75
APM,TEACHER MID,33876,1.0,6/8/2020,14.085,0.667
HGM,TEACHER MID,33825,0.0,2/8/2016,18.471,5.0
SMS,TEACHER MID,33875,1.0,10/26/2020,42.865,0.33299999999999996
HGM,TEACHER MID,34974,0.0,10/5/2015,22.908,5.332999999999999
LPM,TEACHER MID,33852,1.0,8/14/2019,66.851,1.5
APM,TEACHER MID,33852,0.0,8/2/1977,64.945,43.5
APM,TEACHER MID,33872,0.0,9/12/2005,49.336999999999996,15.417
LPM,TEACHER MID,33852,0.0,11/27/2006,22.221,14.25
SMS,TEACHER MID,33875,1.0,6/15/1981,46.388000000000005,39.667
HGM,TEACHER MID,33870,1.0,12/16/2020,18.644000000000002,0.16699999999999998
LPM,TEACHER MID,33852,1.0,7/9/2018,23.682,2.583
HGM,TEACHER MID,33870,0.0,10/1/2013,22.221,7.332999999999999
HGM,TEACHER MID,33872,0.0,12/29/2016,29.822,4.167
SMS,TEACHER MID,33872,1.0,1/2/2014,45.942,7.082999999999999
LPM,TEACHER MID,33875,0.0,12/5/2011,41.24100000000001,9.167
APM,TEACHER MID,33825,0.0,4/20/2020,18.644000000000002,0.833
SMS,TEACHER MID,33872,0.0,2/9/1987,31.416,34.0
SMS,TEACHER MID,33872,1.0,4/13/2009,24.753,11.833
HGM,TEACHER MID,33872,1.0,3/25/2004,31.107,16.917
APM,TEACHER MID,33875,0.0,12/6/2016,20.666999999999998,4.167
SMS,TEACHER MID,33875,0.0,12/29/2003,52.647,17.167
LPM,TEACHER MID,33852,0.0,3/11/2002,20.535,18.917
APM,TEACHER MID,33872,0.0,8/14/2000,33.885999999999996,20.5
APM,TEACHER MID,33825,1.0,10/27/2003,21.381999999999998,17.333
HGM,TEACHER MID GF,33870,1.0,10/5/2020,14.595,0.33299999999999996
APM,TEACHER MID GF,33825,1.0,5/8/2017,37.74,3.75
APM,TEACHER MID GF,33876,0.0,5/18/2015,23.708000000000002,5.75
LPM,TEACHER MID GF,33852,0.0,7/22/2019,58.433,1.5830000000000002
SMS,TEACHER MID GF,33872,1.0,3/3/2006,20.535,14.917
LPM,TEACHER MID GF,33852,1.0,2/25/2020,15.321,1.0
SMS,TEACHER MID GF,33870,1.0,12/11/2000,28.885,20.167
HGM,TEACHER MID GF,33875,1.0,7/9/2018,43.88399999999999,2.583
SMS,TEACHER MID GF,33825,1.0,11/3/2011,63.082,9.25
APM,TEACHER MID GF,33862,1.0,9/11/2000,25.476999999999997,20.417
LPM,TEACHER MID GF,33852,0.0,10/7/2006,26.234,14.333
HGM,TEACHER MID GF,33870,0.0,1/8/2007,25.256,14.083
SMS,TEACHER MID GF,33870,1.0,10/7/1975,46.388000000000005,45.333
SMS,TEACHER MID GF,33875,1.0,6/12/1978,23.331999999999997,42.667
APM,TEACHER MID GF,33872,1.0,9/9/2019,18.846,1.4169999999999998
APM,TEACHER MID GF,33875,1.0,5/8/2000,23.384,20.75
APM,TEACHER MID GF,33825,1.0,6/2/2008,30.910999999999998,12.667
APM,TEACHER MID GF,33825,1.0,12/30/2014,32.603,6.167000000000001
HGM,TEACHER MID GF,33870,0.0,9/4/2018,55.585,2.417
APM,TEACHER MID GF,33872,1.0,3/11/2019,55.585,1.9169999999999998
APM,TEACHER MID GF,33872,1.0,10/9/2006,151.72,14.333
APM,TEACHER MID GF,33872,1.0,8/1/2005,23.884,15.5
SMS,TEACHER MID GF,33875,1.0,4/22/2012,26.138,8.833
LPM,TEACHER MID GF,33872,1.0,1/25/2016,81.78,5.083
SMS,TEACHER MID GF,33870,1.0,7/26/1999,101.804,21.583000000000002
HGM,TEACHER MID GF,33870,1.0,11/13/2006,26.234,14.25
HGM,TEACHER MID GF,33870,0.0,6/25/2019,26.138,1.6669999999999998
SMS,TEACHER MID GF,33852,1.0,7/10/2006,20.535,14.583
SMS,TEACHER MID GF,33876,0.0,8/13/2018,38.253,2.5
HGM,TEACHER MID GF,33825,0.0,9/14/2015,31.313000000000002,5.417000000000001
APM,TEACHER MID GF,33825,1.0,6/24/1985,69.661,35.667
HGM,TEACHER MID GF,33875,1.0,4/6/1988,70.717,32.833
APM,TEACHER MID GF,33875,1.0,12/24/2003,31.149,17.167
HGM,TEACHER MID GF,33870,0.0,2/12/2001,28.451,20.0
HGM,TEACHER MID GF,33825,1.0,4/1/2008,41.07899999999999,12.833
SMS,TEACHER MID GF,33872,1.0,11/12/2018,44.545,2.25
HGM,TEACHER MID GF,33870,0.0,12/28/1998,27.51,22.166999999999998
HGM,TEACHER MID GF,33872,0.0,1/24/2013,76.631,8.083
HGM,TEACHER MID GF,33870,1.0,5/11/2015,55.585,5.75
APM,TEACHER MID GF,33825,0.0,9/14/2020,23.14,0.41700000000000004
SMS,TEACHER MID GF,33857,1.0,10/8/2018,21.59,2.333
LPM,TEACHER MID GF,33872,0.0,4/3/2017,40.165,3.833
HGM,TEACHER MID GF,33872,0.0,1/4/2021,46.496,0.083
LPM,TEACHER MID GF,33960,1.0,9/9/2019,15.321,1.4169999999999998
APM,TEACHER MID GF,33872,1.0,3/2/2015,23.795,5.917000000000001
LPM,TEACHER MID GF,33852,1.0,7/1/2019,28.211,1.5830000000000002
APM,TEACHER MID GF,33825,1.0,5/8/2006,20.535,14.75
SMS,TEACHER MID GF,33870,1.0,8/5/1976,64.91,44.5
APM,TEACHER MID GF,33825,1.0,3/31/2016,75.143,4.917
APM,TEACHER MID GF,33872,1.0,8/13/2018,24.985,2.5
SMS,TEACHER MID GF,33872,1.0,12/16/2020,18.644000000000002,0.16699999999999998
HGM,TEACHER MID GF,33870,1.0,2/25/2015,19.041,6.0
HGM,TEACHER MID GF,33825,0.0,9/30/2020,19.989,0.41700000000000004
LPM,TEACHER MID GF,33852,1.0,12/4/2017,60.12,3.167
SMS,TEACHER MID GF,33876,0.0,12/17/2020,18.644000000000002,0.16699999999999998
HGM,TEACHER MID GF,33872,1.0,2/7/1991,94.375,30.0
HGM,TEACHER MID GF,33825,0.0,10/8/2018,34.927,2.333
LPM,TEACHER MID GF,33852,1.0,11/10/2014,41.83,6.25
SMS,TEACHER MID GF,33857,1.0,9/9/2019,22.671,1.4169999999999998
SMS,TEACHER MID GF,33875,1.0,3/25/1998,30.099,22.916999999999998
SMS,TEACHER MID GF,33875,1.0,10/13/2014,25.865,6.332999999999999
HGM,TEACHER MID GF,33870,1.0,11/24/2008,27.421999999999997,12.25
SMS,TEACHER MID GF,33870,1.0,9/7/1993,45.857,27.416999999999998
LPM,TEACHER MID GF,33852,0.0,11/23/2015,26.234,5.25
HGM,TEACHER MID GF,33872,0.0,4/30/2019,15.321,1.8330000000000002
LPM,TEACHER MID GF,33852,0.0,11/23/2004,20.535,16.25
SMS,TEACHER MID GF,33875,1.0,12/27/2011,48.239,9.167
SMS,TEACHER MID GF,33875,1.0,5/27/1980,58.364,40.75
HGM,TEACHER MID GF,33872,1.0,6/8/2009,24.753,11.667
HGM,TEACHER MID GF,33872,1.0,11/16/2015,23.795,5.25
HGM,TEACHER MID GF,33875,0.0,1/27/2003,53.119,18.083
SMS,TEACHER MID GF,33852,1.0,2/11/2005,22.326999999999998,16.0
SMS,TEACHER MID GF,33870,1.0,8/8/2005,75.143,15.5
LPM,TEACHER MID GF,33852,0.0,4/13/1997,26.234,23.833000000000002
LPM,TEACHER MID GF,33852,0.0,12/10/2018,43.88399999999999,2.167
LPM,TEACHER MID GF,33852,1.0,8/1/2020,31.25,0.5
SMS,TEACHER MID GF,33852,0.0,3/12/2007,26.234,13.917
LPM,TEACHER MID GF,33852,0.0,1/8/2018,44.178999999999995,3.083
SMS,TEACHER MID GF,33890,1.0,1/13/2020,21.201999999999998,1.083
APM,TEACHER MID GF,33870,1.0,6/8/2009,81.609,11.667
SMS,TEACHER MID GF,33875,1.0,2/12/2007,26.234,14.0
APM,TEACHER MID GF,33870,1.0,7/1/2020,27.193,0.583
APM,TEACHER MID GF,33872,1.0,8/12/1996,27.781999999999996,24.5
APM,TEACHER MID GF,33825,1.0,12/17/2020,18.644000000000002,0.16699999999999998
SMS,TEACHER MID GF,33872,0.0,3/25/2000,23.14,20.916999999999998
APM,TEACHER MID GF,33841,1.0,11/14/2016,24.894000000000002,4.25
APM,TEACHER MID GF,33872,1.0,6/14/1993,85.227,27.666999999999998
SMS,TEACHER MID GF,33870,1.0,1/7/2021,18.644000000000002,0.083
HGM,TEACHER MID GF,33872,0.0,5/14/2018,26.109,2.75
SMS,TEACHER MID GF,33875,1.0,7/13/1992,40.580999999999996,28.583000000000002
SMS,TEACHER MID GF,33875,1.0,9/2/1997,28.885,23.416999999999998
SMS,TEACHER MID GF,33875,1.0,9/18/2017,21.7,3.417
SMS,TEACHER MID GF,33875,1.0,8/3/2015,55.585,5.5
LPM,TEACHER MID GF,33852,0.0,11/1/1990,54.217,30.25
APM,TEACHER MID GF,33872,1.0,6/27/2012,23.884,8.667
LPM,TEACHER MID GF,33852,0.0,1/30/2017,17.267,4.083
SMS,TEACHER MID GF,33875,1.0,9/7/2016,16.619,4.417
APM,TEACHER MID GF,33825,1.0,9/11/2017,17.977999999999998,3.417
HGM,TEACHER MID GF,33870,1.0,5/2/2016,21.816999999999997,4.75
SMS,TEACHER MID GF,33870,1.0,8/14/2017,32.603,3.5
APM,TEACHER MID GF,33825,0.0,11/9/2009,53.388000000000005,11.25
HGM,TEACHER MID GF,33875,1.0,1/26/2000,54.376000000000005,21.083000000000002
MIS,TEACHER OSA,33870,0.0,4/20/2020,33.258,0.833
SECONDARY PROG,TEACHER OSA,33852,0.0,1/2/2001,26.138,20.083
HEC,TEACHER OSA,33852,0.0,4/29/2019,21.7,1.8330000000000002
HEC,TEACHER OSA,33875,0.0,2/5/2018,47.231,3.0
ACADEMY YCL,TEACHER OSA,33875,0.0,9/14/2020,14.595,0.41700000000000004
STUDENT SUP SRV,TEACHER OSA,33875,0.0,4/1/2020,57.77,0.833
STUDENT SUP SRV,TEACHER OSA,33852,0.0,6/13/2016,19.558,4.667
ESE,TEACHER OSA,33875,0.0,11/12/2012,26.138,8.25
ESE,TEACHER OSA,33870,0.0,11/28/2011,34.75,9.25
SECONDARY PROG,TEACHER OSA,33852,0.0,7/14/2003,73.434,17.583
MIS,TEACHER OSA,33872,1.0,11/11/1985,26.738000000000003,35.25
ACADEMY YCL,TEACHER OSA,33870,1.0,10/6/2014,52.168,6.332999999999999
ELEMENTARY PROG,TEACHER OSA,33825,0.0,4/30/2018,19.684,2.833
ELEMENTARY PROG,TEACHER OSA,33870,0.0,4/16/1990,46.54,30.833000000000002
ESE,TEACHER OSA,33872,0.0,12/3/2018,25.256,2.167
SECONDARY PROG,TEACHER OSA,33825,1.0,7/27/2020,67.282,0.583
ESE,TEACHER OSA,33876,0.0,9/8/2006,52.167,14.417
ESE,TEACHER OSA,33870,0.0,12/26/2001,57.513999999999996,19.167
ACADEMY YCL,TEACHER OSA,33852,1.0,4/10/1995,27.445,25.833000000000002
ESE,TEACHER OSA,33875,0.0,6/9/2014,40.431999999999995,6.667000000000001
ESE,TEACHER OSA,33870,0.0,9/23/2020,42.865,0.41700000000000004
ESE,TEACHER OSA,33852,1.0,2/11/2019,19.576,2.0
ESE,TEACHER OSA,33875,0.0,10/11/1999,25.555999999999997,21.333000000000002
ESE,TEACHER OSA,33872,0.0,8/13/2001,21.014,19.5
ESE,TEACHER OSA,33875,0.0,7/8/2013,26.234,7.582999999999999
ESE,TEACHER OSA,33899,0.0,1/11/2016,21.816999999999997,5.083
ESE,TEACHER OSA GF,33870,1.0,9/11/2006,20.535,14.417
MIS,TEACHER OSA GF,33875,1.0,3/13/1989,41.851000000000006,31.916999999999998
ELEMENTARY PROG,TEACHER OSA GF,33875,1.0,12/16/2020,18.644000000000002,0.16699999999999998
ELEMENTARY PROG,TEACHER OSA GF,33875,0.0,11/14/2016,22.039,4.25
HEC,TEACHER OSA GF,33875,1.0,9/23/2019,39.893,1.4169999999999998
STUDENT SUP SRV,TEACHER OSA GF,33875,1.0,7/1/2020,27.193,0.583
MIS,TEACHER OSA GF,33825,0.0,7/1/2020,27.193,0.583
MIS,TEACHER OSA GF,33852,1.0,7/13/2020,18.644000000000002,0.583
SECONDARY PROG,TEACHER OSA GF,33825,0.0,8/12/2019,18.471,1.5
ELEM GIFTED,TEACHER OSA GF,33875,0.0,7/24/1989,25.991,31.583000000000002
STUDENT SUP SRV,TEACHER OSA GF,33825,1.0,6/15/2015,44.412,5.667000000000001
ELEMENTARY PROG,TEACHER OSA GF,33852,1.0,4/10/2006,23.384,14.833
ESE,TEACHER OSA GF,33870,0.0,8/20/2018,42.619,2.5
ACADEMY YCL,TEACHER OSA GF,33852,0.0,4/22/2008,55.193000000000005,12.833
SECONDARY PROG,TEACHER OSA GF,33825,0.0,12/2/2014,20.813000000000002,6.167000000000001
ESE,TEACHER OSA GF,33825,1.0,10/3/2016,34.927,4.333
SECONDARY PROG,TEACHER OSA GF,33825,1.0,1/2/2020,17.267,1.083
MIS,TEACHER OSA GF,33852,0.0,8/5/2008,22.914,12.5
MIS,TEACHER OSA GF,33852,0.0,8/28/2018,16.090999999999998,2.5
MIS,TEACHER OSA GF,33825,0.0,12/12/1994,25.991,26.166999999999998
SECONDARY PROG,TEACHER OSA GF,33870,0.0,9/6/2011,25.256,9.417
MIS,TEACHER OSA GF,33875,0.0,5/8/2017,84.49799999999999,3.75
STUDENT SUP SRV,TEACHER OSA GF,33876,1.0,9/14/2020,21.967,0.41700000000000004
ELEMENTARY PROG,TEACHER OSA GF,33825,0.0,11/13/2000,23.384,20.25
ESE,TEACHER OSA GF,33876,1.0,9/18/2017,21.381999999999998,3.417
MIS,TEACHER OSA GF,33870,1.0,9/11/2000,37.344,20.417
SECONDARY PROG,TEACHER OSA GF,33825,1.0,10/31/2016,54.91,4.333
HEC,TEACHER OSA GF,33852,0.0,11/14/2011,21.526,9.25
MIS,TEACHER OSA GF,33870,0.0,9/11/2006,32.376,14.417
ESE,TEACHER OSA GF,33825,0.0,6/27/2003,27.781999999999996,17.667
SECONDARY PROG,TEACHER OSA GF,33825,0.0,6/11/2007,38.895,13.667
ESE,TEACHER OSA GF,33875,1.0,7/11/2016,16.820999999999998,4.583
ESE,TEACHER OSA GF,33875,1.0,4/13/2015,18.625999999999998,5.832999999999999
ESE,TEACHER OSA GF,33872,0.0,3/17/2008,35.278,12.917
HEC,TEACHER OSA GF,33852,0.0,2/5/2018,47.751999999999995,3.0
SECONDARY PROG,TEACHER OSA GF,33870,1.0,3/5/2018,20.561999999999998,2.917
ESE,TEACHER OSA GF,33870,0.0,3/26/2012,52.647,8.917
ESE,TEACHER OSA GF,33872,1.0,10/8/2007,26.234,13.333
ESE,TEACHER OSA GF,33875,0.0,7/13/2015,21.025,5.582999999999999
STUDENT SUP SRV,TEACHER OSA GF,33875,1.0,4/9/2012,41.83,8.833
SECONDARY PROG,TEACHER OSA GF,33870,0.0,4/9/2018,48.239,2.833
ELEMENTARY PROG,TEACHER OSA GF,33825,0.0,1/13/2017,20.989,4.083
